%Warning-PINMISSING: /mnt/c/Users/neali/librelane/ML-KEM-Accelerator/src/arithmetic/mod_mult.v:12:16: Instance has missing pin: 'clk'
   12 |     montgomery Result (
      |                ^~~~~~
                     /mnt/c/Users/neali/librelane/ML-KEM-Accelerator/src/arithmetic/montgomery.v:6:11: ... Location of port declaration
    6 |     input clk,  
      |           ^~~
                     ... For warning description see https://verilator.org/warn/PINMISSING?v=5.044
                     ... Use "/* verilator lint_off PINMISSING */" and lint_on around source to disable this message.
%Warning-PINMISSING: /mnt/c/Users/neali/librelane/ML-KEM-Accelerator/src/ntt/ntt.v:88:20: Instance has missing pin: 'vccd1'
   88 |     coeff_ram_sram memory(
      |                    ^~~~~~
                     /mnt/c/Users/neali/librelane/ML-KEM-Accelerator/src/memory/coeff_ram_sram.v:4:15: ... Location of port declaration
    4 |         inout vccd1,
      |               ^~~~~
%Warning-PINMISSING: /mnt/c/Users/neali/librelane/ML-KEM-Accelerator/src/ntt/ntt.v:88:20: Instance has missing pin: 'vssd1'
   88 |     coeff_ram_sram memory(
      |                    ^~~~~~
                     /mnt/c/Users/neali/librelane/ML-KEM-Accelerator/src/memory/coeff_ram_sram.v:5:15: ... Location of port declaration
    5 |         inout vssd1,
      |               ^~~~~
%Warning-PINMISSING: /mnt/c/Users/neali/librelane/ML-KEM-Accelerator/src/ntt/intt.v:192:20: Instance has missing pin: 'vccd1'
  192 |     coeff_ram_sram memory(
      |                    ^~~~~~
                     /mnt/c/Users/neali/librelane/ML-KEM-Accelerator/src/memory/coeff_ram_sram.v:4:15: ... Location of port declaration
    4 |         inout vccd1,
      |               ^~~~~
%Warning-PINMISSING: /mnt/c/Users/neali/librelane/ML-KEM-Accelerator/src/ntt/intt.v:192:20: Instance has missing pin: 'vssd1'
  192 |     coeff_ram_sram memory(
      |                    ^~~~~~
                     /mnt/c/Users/neali/librelane/ML-KEM-Accelerator/src/memory/coeff_ram_sram.v:5:15: ... Location of port declaration
    5 |         inout vssd1,
      |               ^~~~~
%Warning-PINCONNECTEMPTY: /mnt/c/Users/neali/librelane/ML-KEM-Accelerator/src/memory/coeff_ram_sram.v:49:10: Instance pin connected by name with empty reference: 'dout0'
   49 |         .dout0(),
      |          ^~~~~
                          ... For warning description see https://verilator.org/warn/PINCONNECTEMPTY?v=5.044
                          ... Use "/* verilator lint_off PINCONNECTEMPTY */" and lint_on around source to disable this message.
%Warning-PINCONNECTEMPTY: /mnt/c/Users/neali/librelane/ML-KEM-Accelerator/src/memory/coeff_ram_sram.v:68:10: Instance pin connected by name with empty reference: 'dout0'
   68 |         .dout0(),
      |          ^~~~~
%Warning-WIDTHEXPAND: /mnt/c/Users/neali/librelane/ML-KEM-Accelerator/src/arithmetic/montgomery.v:18:27: Operator AND expects 32 bits on the RHS, but RHS's CONST '16'hffff' generates 16 bits.
                                                                                                       : ... note: In instance 'kem.u_ops.u_mul.Result'
   18 |         m = (T * N_Prime) & 16'hFFFF;
      |                           ^
                      ... For warning description see https://verilator.org/warn/WIDTHEXPAND?v=5.044
                      ... Use "/* verilator lint_off WIDTHEXPAND */" and lint_on around source to disable this message.
%Warning-WIDTHTRUNC: /mnt/c/Users/neali/librelane/ML-KEM-Accelerator/src/arithmetic/montgomery.v:18:11: Operator ASSIGN expects 16 bits on the Assign RHS, but Assign RHS's AND generates 32 bits.
                                                                                                      : ... note: In instance 'kem.u_ops.u_mul.Result'
   18 |         m = (T * N_Prime) & 16'hFFFF;
      |           ^
                     ... For warning description see https://verilator.org/warn/WIDTHTRUNC?v=5.044
                     ... Use "/* verilator lint_off WIDTHTRUNC */" and lint_on around source to disable this message.
%Warning-WIDTHEXPAND: /mnt/c/Users/neali/librelane/ML-KEM-Accelerator/src/arithmetic/montgomery.v:19:18: Operator ADD expects 36 bits on the LHS, but LHS's VARREF 'T' generates 32 bits.
                                                                                                       : ... note: In instance 'kem.u_ops.u_mul.Result'
   19 |         temp = T + (m * N);
      |                  ^
%Warning-WIDTHTRUNC: /mnt/c/Users/neali/librelane/ML-KEM-Accelerator/src/arithmetic/montgomery.v:20:17: Operator ASSIGN expects 25 bits on the Assign RHS, but Assign RHS's SHIFTR generates 36 bits.
                                                                                                      : ... note: In instance 'kem.u_ops.u_mul.Result'
   20 |         reduced = temp >> 16;
      |                 ^
%Warning-WIDTHEXPAND: /mnt/c/Users/neali/librelane/ML-KEM-Accelerator/src/arithmetic/montgomery.v:23:25: Operator SUB expects 25 bits on the RHS, but RHS's VARREF 'N' generates 12 bits.
                                                                                                       : ... note: In instance 'kem.u_ops.u_mul.Result'
   23 |             t = reduced - N;
      |                         ^
%Warning-WIDTHTRUNC: /mnt/c/Users/neali/librelane/ML-KEM-Accelerator/src/arithmetic/montgomery.v:23:15: Operator ASSIGN expects 12 bits on the Assign RHS, but Assign RHS's SUB generates 25 bits.
                                                                                                      : ... note: In instance 'kem.u_ops.u_mul.Result'
   23 |             t = reduced - N;
      |               ^
%Warning-WIDTHEXPAND: /mnt/c/Users/neali/librelane/ML-KEM-Accelerator/src/arithmetic/montgomery.v:22:21: Operator GTE expects 25 bits on the RHS, but RHS's VARREF 'N' generates 12 bits.
                                                                                                       : ... note: In instance 'kem.u_ops.u_mul.Result'
   22 |         if (reduced >= N) begin
      |                     ^~
%Warning-WIDTHTRUNC: /mnt/c/Users/neali/librelane/ML-KEM-Accelerator/src/arithmetic/mod_add.v:17:20: Operator ASSIGN expects 12 bits on the Assign RHS, but Assign RHS's SUB generates 13 bits.
                                                                                                   : ... note: In instance 'kem.u_ops.u_add'
   17 |             result = sum - q;
      |                    ^
%Warning-WIDTHTRUNC: /mnt/c/Users/neali/librelane/ML-KEM-Accelerator/src/arithmetic/mod_add.v:19:20: Operator ASSIGN expects 12 bits on the Assign RHS, but Assign RHS's VARREF 'sum' generates 13 bits.
                                                                                                   : ... note: In instance 'kem.u_ops.u_add'
   19 |             result = sum;
      |                    ^
%Warning-WIDTHEXPAND: /mnt/c/Users/neali/librelane/ML-KEM-Accelerator/src/arithmetic/mod_add.v:16:17: Operator GTE expects 13 bits on the RHS, but RHS's VARREF 'q' generates 12 bits.
                                                                                                    : ... note: In instance 'kem.u_ops.u_add'
   16 |         if (sum >= q) begin
      |                 ^~
%Warning-WIDTHEXPAND: /mnt/c/Users/neali/librelane/ML-KEM-Accelerator/src/hashing/shake256.v:69:40: Operator EQ expects 32 bits on the LHS, but LHS's VARREF 'offset' generates 8 bits.
                                                                                                  : ... note: In instance 'kem.gen_eta3.u_c3.prf'
   69 |                             if (offset == (RATE - 1)) begin
      |                                        ^~
%Warning-WIDTHEXPAND: /mnt/c/Users/neali/librelane/ML-KEM-Accelerator/src/hashing/shake256.v:91:36: Operator EQ expects 32 bits on the LHS, but LHS's VARREF 'offset' generates 8 bits.
                                                                                                  : ... note: In instance 'kem.gen_eta3.u_c3.prf'
   91 |                         if (offset == (RATE - 1))
      |                                    ^~
%Warning-WIDTHEXPAND: /mnt/c/Users/neali/librelane/ML-KEM-Accelerator/src/hashing/shake256.v:116:40: Operator EQ expects 32 bits on the LHS, but LHS's VARREF 'offset' generates 8 bits.
                                                                                                   : ... note: In instance 'kem.gen_eta3.u_c3.prf'
  116 |                             if (offset == (RATE - 1)) begin
      |                                        ^~
%Warning-WIDTHEXPAND: /mnt/c/Users/neali/librelane/ML-KEM-Accelerator/src/hashing/shake128.v:69:40: Operator EQ expects 32 bits on the LHS, but LHS's VARREF 'offset' generates 8 bits.
                                                                                                  : ... note: In instance 'kem.u_sn.xof'
   69 |                             if (offset == (RATE - 1)) begin
      |                                        ^~
%Warning-WIDTHEXPAND: /mnt/c/Users/neali/librelane/ML-KEM-Accelerator/src/hashing/shake128.v:91:36: Operator EQ expects 32 bits on the LHS, but LHS's VARREF 'offset' generates 8 bits.
                                                                                                  : ... note: In instance 'kem.u_sn.xof'
   91 |                         if (offset == (RATE - 1))
      |                                    ^~
%Warning-WIDTHEXPAND: /mnt/c/Users/neali/librelane/ML-KEM-Accelerator/src/hashing/shake128.v:116:40: Operator EQ expects 32 bits on the LHS, but LHS's VARREF 'offset' generates 8 bits.
                                                                                                   : ... note: In instance 'kem.u_sn.xof'
  116 |                             if (offset == (RATE - 1)) begin
      |                                        ^~
%Warning-WIDTHEXPAND: /mnt/c/Users/neali/librelane/ML-KEM-Accelerator/src/encode/compress.v:14:32: Operator DIV expects 13 bits on the RHS, but RHS's VARREF 'q' generates 12 bits.
                                                                                                 : ... note: In instance 'kem.uc1'
   14 |     wire [11+D:0] quotient = V / q;
      |                                ^
%Warning-WIDTHEXPAND: /mnt/c/Users/neali/librelane/ML-KEM-Accelerator/src/encode/compress.v:13:31: Operator ADD expects 16 bits on the RHS, but RHS's VARREF 'q_HALF' generates 12 bits.
                                                                                                 : ... note: In instance 'kem.gen_dv4.uc4'
   13 |     wire [11+D:0] V = shifted + q_HALF;
      |                               ^
%Warning-WIDTHEXPAND: /mnt/c/Users/neali/librelane/ML-KEM-Accelerator/src/encode/compress.v:14:32: Operator DIV expects 16 bits on the RHS, but RHS's VARREF 'q' generates 12 bits.
                                                                                                 : ... note: In instance 'kem.gen_dv4.uc4'
   14 |     wire [11+D:0] quotient = V / q;
      |                                ^
%Warning-WIDTHEXPAND: /mnt/c/Users/neali/librelane/ML-KEM-Accelerator/src/generation/sample_poly_CBD.v:143:39: Operator ADD expects 4 bits on the RHS, but RHS's SEL generates 1 bits.
                                                                                                             : ... note: In instance 'kem.gen_eta3.u_c3'
  143 |                         x_sum = x_sum + bit_buf[k];
      |                                       ^
%Warning-WIDTHEXPAND: /mnt/c/Users/neali/librelane/ML-KEM-Accelerator/src/generation/sample_poly_CBD.v:144:39: Operator ADD expects 4 bits on the RHS, but RHS's SEL generates 1 bits.
                                                                                                             : ... note: In instance 'kem.gen_eta3.u_c3'
  144 |                         y_sum = y_sum + bit_buf[ETA + k];
      |                                       ^
%Warning-WIDTHEXPAND: /mnt/c/Users/neali/librelane/ML-KEM-Accelerator/src/encode/compress.v:13:31: Operator ADD expects 22 bits on the RHS, but RHS's VARREF 'q_HALF' generates 12 bits.
                                                                                                 : ... note: In instance 'kem.uc1'
   13 |     wire [11+D:0] V = shifted + q_HALF;
      |                               ^
%Warning-WIDTHEXPAND: /mnt/c/Users/neali/librelane/ML-KEM-Accelerator/src/encode/compress.v:14:32: Operator DIV expects 22 bits on the RHS, but RHS's VARREF 'q' generates 12 bits.
                                                                                                 : ... note: In instance 'kem.uc1'
   14 |     wire [11+D:0] quotient = V / q;
      |                                ^
%Warning-WIDTHEXPAND: /mnt/c/Users/neali/librelane/ML-KEM-Accelerator/src/hashing/sha3-512.v:121:41: Operator EQ expects 32 or 7 bits on the LHS, but LHS's VARREF 'out_cnt' generates 6 bits.
                                                                                                   : ... note: In instance 'kem.u_g'
  121 |                             if (out_cnt == (OUT_LEN - 1))
      |                                         ^~
%Warning-WIDTHEXPAND: /mnt/c/Users/neali/librelane/ML-KEM-Accelerator/src/kem_ops.v:79:29: Operator ADD expects 32 or 13 bits on the RHS, but RHS's SEL generates 8 bits.
                                                                                         : ... note: In instance 'kem.u_ops'
   79 |             PA = slot * 256 + c[7:0];
      |                             ^
%Warning-WIDTHTRUNC: /mnt/c/Users/neali/librelane/ML-KEM-Accelerator/src/kem.v:90:30: Bit extraction of array[2559:0] requires 12 bit index, not 13 bits.
                                                                                    : ... note: In instance 'kem'
   90 |     wire [11:0] ops_rdata = P[ops_addr];
      |                              ^
%Warning-WIDTHTRUNC: /mnt/c/Users/neali/librelane/ML-KEM-Accelerator/src/kem.v:123:14: Bit extraction of array[2559:0] requires 12 bit index, not 13 bits.
                                                                                     : ... note: In instance 'kem'
  123 |             P[ops_addr] <= ops_wdata;
      |              ^
%Warning-WIDTHTRUNC: /mnt/c/Users/neali/librelane/ML-KEM-Accelerator/src/kem.v:125:14: Bit extraction of array[2559:0] requires 12 bit index, not 13 bits.
                                                                                     : ... note: In instance 'kem'
  125 |             P[cpu_addr] <= cpu_wdata;
      |              ^
%Warning-WIDTHTRUNC: /mnt/c/Users/neali/librelane/ML-KEM-Accelerator/src/kem.v:130:17: Bit extraction of array[3967:0] requires 12 bit index, not 13 bits.
                                                                                     : ... note: In instance 'kem'
  130 |             bmem[bmem_waddr] <= bmem_wdata;
      |                 ^
%Warning-WIDTHEXPAND: /mnt/c/Users/neali/librelane/ML-KEM-Accelerator/src/kem.v:367:60: Operator ADD expects 32 bits on the RHS, but RHS's VARREF 'bidx' generates 16 bits.
                                                                                      : ... note: In instance 'kem'
  367 |                 bmem_waddr <= (din_sel == 2'd0) ? (PK_BASE + bidx) : (din_sel == 2'd1) ? (SK_BASE + bidx) : (CT_BASE + bidx);
      |                                                            ^
%Warning-WIDTHEXPAND: /mnt/c/Users/neali/librelane/ML-KEM-Accelerator/src/kem.v:367:99: Operator ADD expects 32 bits on the RHS, but RHS's VARREF 'bidx' generates 16 bits.
                                                                                      : ... note: In instance 'kem'
  367 |                 bmem_waddr <= (din_sel == 2'd0) ? (PK_BASE + bidx) : (din_sel == 2'd1) ? (SK_BASE + bidx) : (CT_BASE + bidx);
      |                                                                                                   ^
%Warning-WIDTHEXPAND: /mnt/c/Users/neali/librelane/ML-KEM-Accelerator/src/kem.v:367:118: Operator ADD expects 32 bits on the RHS, but RHS's VARREF 'bidx' generates 16 bits.
                                                                                       : ... note: In instance 'kem'
  367 |                 bmem_waddr <= (din_sel == 2'd0) ? (PK_BASE + bidx) : (din_sel == 2'd1) ? (SK_BASE + bidx) : (CT_BASE + bidx);
      |                                                                                                                      ^
%Warning-WIDTHTRUNC: /mnt/c/Users/neali/librelane/ML-KEM-Accelerator/src/kem.v:367:28: Operator ASSIGNDLY expects 13 bits on the Assign RHS, but Assign RHS's COND generates 32 bits.
                                                                                     : ... note: In instance 'kem'
  367 |                 bmem_waddr <= (din_sel == 2'd0) ? (PK_BASE + bidx) : (din_sel == 2'd1) ? (SK_BASE + bidx) : (CT_BASE + bidx);
      |                            ^~
%Warning-WIDTHTRUNC: /mnt/c/Users/neali/librelane/ML-KEM-Accelerator/src/kem.v:434:29: Bit extraction of array[63:0] requires 6 bit index, not 16 bits.
                                                                                     : ... note: In instance 'kem'
  434 |                         hout[hpos] <= gdout;
      |                             ^
%Warning-WIDTHEXPAND: /mnt/c/Users/neali/librelane/ML-KEM-Accelerator/src/kem.v:469:45: Operator ADD expects 32 bits on the RHS, but RHS's VARREF 'pi' generates 4 bits.
                                                                                      : ... note: In instance 'kem'
  469 |                             cpu_addr <= (S0 + pi) * 256 + idx[7:0];
      |                                             ^
%Warning-WIDTHEXPAND: /mnt/c/Users/neali/librelane/ML-KEM-Accelerator/src/kem.v:469:57: Operator ADD expects 32 bits on the RHS, but RHS's SEL generates 8 bits.
                                                                                      : ... note: In instance 'kem'
  469 |                             cpu_addr <= (S0 + pi) * 256 + idx[7:0];
      |                                                         ^
%Warning-WIDTHTRUNC: /mnt/c/Users/neali/librelane/ML-KEM-Accelerator/src/kem.v:469:38: Operator ASSIGNDLY expects 13 bits on the Assign RHS, but Assign RHS's ADD generates 32 bits.
                                                                                     : ... note: In instance 'kem'
  469 |                             cpu_addr <= (S0 + pi) * 256 + idx[7:0];
      |                                      ^~
%Warning-WIDTHEXPAND: /mnt/c/Users/neali/librelane/ML-KEM-Accelerator/src/kem.v:479:45: Operator ADD expects 32 bits on the RHS, but RHS's VARREF 'pi' generates 4 bits.
                                                                                      : ... note: In instance 'kem'
  479 |                             cpu_addr <= (S0 + pi) * 256 + idx[7:0];
      |                                             ^
%Warning-WIDTHEXPAND: /mnt/c/Users/neali/librelane/ML-KEM-Accelerator/src/kem.v:479:57: Operator ADD expects 32 bits on the RHS, but RHS's SEL generates 8 bits.
                                                                                      : ... note: In instance 'kem'
  479 |                             cpu_addr <= (S0 + pi) * 256 + idx[7:0];
      |                                                         ^
%Warning-WIDTHTRUNC: /mnt/c/Users/neali/librelane/ML-KEM-Accelerator/src/kem.v:479:38: Operator ASSIGNDLY expects 13 bits on the Assign RHS, but Assign RHS's ADD generates 32 bits.
                                                                                     : ... note: In instance 'kem'
  479 |                             cpu_addr <= (S0 + pi) * 256 + idx[7:0];
      |                                      ^~
%Warning-WIDTHEXPAND: /mnt/c/Users/neali/librelane/ML-KEM-Accelerator/src/kem.v:489:34: Operator ADD expects 32 bits on the RHS, but RHS's VARREF 'pi' generates 4 bits.
                                                                                      : ... note: In instance 'kem'
  489 |                     ops_sa <= S0 + pi;
      |                                  ^
%Warning-WIDTHTRUNC: /mnt/c/Users/neali/librelane/ML-KEM-Accelerator/src/kem.v:489:28: Operator ASSIGNDLY expects 4 bits on the Assign RHS, but Assign RHS's ADD generates 32 bits.
                                                                                     : ... note: In instance 'kem'
  489 |                     ops_sa <= S0 + pi;
      |                            ^~
%Warning-WIDTHEXPAND: /mnt/c/Users/neali/librelane/ML-KEM-Accelerator/src/kem.v:496:38: Operator ADD expects 32 bits on the RHS, but RHS's VARREF 'pi' generates 4 bits.
                                                                                      : ... note: In instance 'kem'
  496 |                         ops_sa <= S0 + pi;
      |                                      ^
%Warning-WIDTHTRUNC: /mnt/c/Users/neali/librelane/ML-KEM-Accelerator/src/kem.v:496:32: Operator ASSIGNDLY expects 4 bits on the Assign RHS, but Assign RHS's ADD generates 32 bits.
                                                                                     : ... note: In instance 'kem'
  496 |                         ops_sa <= S0 + pi;
      |                                ^~
%Warning-WIDTHEXPAND: /mnt/c/Users/neali/librelane/ML-KEM-Accelerator/src/kem.v:531:45: Operator ADD expects 32 bits on the RHS, but RHS's VARREF 'pi' generates 4 bits.
                                                                                      : ... note: In instance 'kem'
  531 |                             cpu_addr <= (E0 + pi) * 256 + idx[7:0];
      |                                             ^
%Warning-WIDTHEXPAND: /mnt/c/Users/neali/librelane/ML-KEM-Accelerator/src/kem.v:531:57: Operator ADD expects 32 bits on the RHS, but RHS's SEL generates 8 bits.
                                                                                      : ... note: In instance 'kem'
  531 |                             cpu_addr <= (E0 + pi) * 256 + idx[7:0];
      |                                                         ^
%Warning-WIDTHTRUNC: /mnt/c/Users/neali/librelane/ML-KEM-Accelerator/src/kem.v:531:38: Operator ASSIGNDLY expects 13 bits on the Assign RHS, but Assign RHS's ADD generates 32 bits.
                                                                                     : ... note: In instance 'kem'
  531 |                             cpu_addr <= (E0 + pi) * 256 + idx[7:0];
      |                                      ^~
%Warning-WIDTHEXPAND: /mnt/c/Users/neali/librelane/ML-KEM-Accelerator/src/kem.v:541:45: Operator ADD expects 32 bits on the RHS, but RHS's VARREF 'pi' generates 4 bits.
                                                                                      : ... note: In instance 'kem'
  541 |                             cpu_addr <= (E0 + pi) * 256 + idx[7:0];
      |                                             ^
%Warning-WIDTHEXPAND: /mnt/c/Users/neali/librelane/ML-KEM-Accelerator/src/kem.v:541:57: Operator ADD expects 32 bits on the RHS, but RHS's SEL generates 8 bits.
                                                                                      : ... note: In instance 'kem'
  541 |                             cpu_addr <= (E0 + pi) * 256 + idx[7:0];
      |                                                         ^
%Warning-WIDTHTRUNC: /mnt/c/Users/neali/librelane/ML-KEM-Accelerator/src/kem.v:541:38: Operator ASSIGNDLY expects 13 bits on the Assign RHS, but Assign RHS's ADD generates 32 bits.
                                                                                     : ... note: In instance 'kem'
  541 |                             cpu_addr <= (E0 + pi) * 256 + idx[7:0];
      |                                      ^~
%Warning-WIDTHEXPAND: /mnt/c/Users/neali/librelane/ML-KEM-Accelerator/src/kem.v:551:34: Operator ADD expects 32 bits on the RHS, but RHS's VARREF 'pi' generates 4 bits.
                                                                                      : ... note: In instance 'kem'
  551 |                     ops_sa <= E0 + pi;
      |                                  ^
%Warning-WIDTHTRUNC: /mnt/c/Users/neali/librelane/ML-KEM-Accelerator/src/kem.v:551:28: Operator ASSIGNDLY expects 4 bits on the Assign RHS, but Assign RHS's ADD generates 32 bits.
                                                                                     : ... note: In instance 'kem'
  551 |                     ops_sa <= E0 + pi;
      |                            ^~
%Warning-WIDTHEXPAND: /mnt/c/Users/neali/librelane/ML-KEM-Accelerator/src/kem.v:558:38: Operator ADD expects 32 bits on the RHS, but RHS's VARREF 'pi' generates 4 bits.
                                                                                      : ... note: In instance 'kem'
  558 |                         ops_sa <= E0 + pi;
      |                                      ^
%Warning-WIDTHTRUNC: /mnt/c/Users/neali/librelane/ML-KEM-Accelerator/src/kem.v:558:32: Operator ASSIGNDLY expects 4 bits on the Assign RHS, but Assign RHS's ADD generates 32 bits.
                                                                                     : ... note: In instance 'kem'
  558 |                         ops_sa <= E0 + pi;
      |                                ^~
%Warning-WIDTHEXPAND: /mnt/c/Users/neali/librelane/ML-KEM-Accelerator/src/kem.v:583:34: Operator ADD expects 32 bits on the RHS, but RHS's VARREF 'pi' generates 4 bits.
                                                                                      : ... note: In instance 'kem'
  583 |                     ops_sa <= T0 + pi;
      |                                  ^
%Warning-WIDTHTRUNC: /mnt/c/Users/neali/librelane/ML-KEM-Accelerator/src/kem.v:583:28: Operator ASSIGNDLY expects 4 bits on the Assign RHS, but Assign RHS's ADD generates 32 bits.
                                                                                     : ... note: In instance 'kem'
  583 |                     ops_sa <= T0 + pi;
      |                            ^~
%Warning-WIDTHEXPAND: /mnt/c/Users/neali/librelane/ML-KEM-Accelerator/src/kem.v:599:46: Operator ADD expects 32 bits on the RHS, but RHS's SEL generates 8 bits.
                                                                                      : ... note: In instance 'kem'
  599 |                         cpu_addr <= SA * 256 + idx[7:0];
      |                                              ^
%Warning-WIDTHTRUNC: /mnt/c/Users/neali/librelane/ML-KEM-Accelerator/src/kem.v:599:34: Operator ASSIGNDLY expects 13 bits on the Assign RHS, but Assign RHS's ADD generates 32 bits.
                                                                                     : ... note: In instance 'kem'
  599 |                         cpu_addr <= SA * 256 + idx[7:0];
      |                                  ^~
%Warning-WIDTHTRUNC: /mnt/c/Users/neali/librelane/ML-KEM-Accelerator/src/kem.v:608:28: Operator ASSIGNDLY expects 4 bits on the Assign RHS, but Assign RHS's VARREF 'SA' generates 32 bits.
                                                                                     : ... note: In instance 'kem'
  608 |                     ops_sa <= SA;
      |                            ^~
%Warning-WIDTHTRUNC: /mnt/c/Users/neali/librelane/ML-KEM-Accelerator/src/kem.v:615:32: Operator ASSIGNDLY expects 4 bits on the Assign RHS, but Assign RHS's VARREF 'SA' generates 32 bits.
                                                                                     : ... note: In instance 'kem'
  615 |                         ops_sa <= SA;
      |                                ^~
%Warning-WIDTHEXPAND: /mnt/c/Users/neali/librelane/ML-KEM-Accelerator/src/kem.v:616:38: Operator ADD expects 32 bits on the RHS, but RHS's VARREF 'pj' generates 4 bits.
                                                                                      : ... note: In instance 'kem'
  616 |                         ops_sb <= S0 + pj;
      |                                      ^
%Warning-WIDTHTRUNC: /mnt/c/Users/neali/librelane/ML-KEM-Accelerator/src/kem.v:616:32: Operator ASSIGNDLY expects 4 bits on the Assign RHS, but Assign RHS's ADD generates 32 bits.
                                                                                     : ... note: In instance 'kem'
  616 |                         ops_sb <= S0 + pj;
      |                                ^~
%Warning-WIDTHEXPAND: /mnt/c/Users/neali/librelane/ML-KEM-Accelerator/src/kem.v:617:38: Operator ADD expects 32 bits on the RHS, but RHS's VARREF 'pi' generates 4 bits.
                                                                                      : ... note: In instance 'kem'
  617 |                         ops_sc <= T0 + pi;
      |                                      ^
%Warning-WIDTHTRUNC: /mnt/c/Users/neali/librelane/ML-KEM-Accelerator/src/kem.v:617:32: Operator ASSIGNDLY expects 4 bits on the Assign RHS, but Assign RHS's ADD generates 32 bits.
                                                                                     : ... note: In instance 'kem'
  617 |                         ops_sc <= T0 + pi;
      |                                ^~
%Warning-WIDTHEXPAND: /mnt/c/Users/neali/librelane/ML-KEM-Accelerator/src/kem.v:634:42: Operator ADD expects 32 bits on the RHS, but RHS's VARREF 'pi' generates 4 bits.
                                                                                      : ... note: In instance 'kem'
  634 |                             ops_sa <= T0 + pi;
      |                                          ^
%Warning-WIDTHTRUNC: /mnt/c/Users/neali/librelane/ML-KEM-Accelerator/src/kem.v:634:36: Operator ASSIGNDLY expects 4 bits on the Assign RHS, but Assign RHS's ADD generates 32 bits.
                                                                                     : ... note: In instance 'kem'
  634 |                             ops_sa <= T0 + pi;
      |                                    ^~
%Warning-WIDTHEXPAND: /mnt/c/Users/neali/librelane/ML-KEM-Accelerator/src/kem.v:635:42: Operator ADD expects 32 bits on the RHS, but RHS's VARREF 'pi' generates 4 bits.
                                                                                      : ... note: In instance 'kem'
  635 |                             ops_sb <= E0 + pi;
      |                                          ^
%Warning-WIDTHTRUNC: /mnt/c/Users/neali/librelane/ML-KEM-Accelerator/src/kem.v:635:36: Operator ASSIGNDLY expects 4 bits on the Assign RHS, but Assign RHS's ADD generates 32 bits.
                                                                                     : ... note: In instance 'kem'
  635 |                             ops_sb <= E0 + pi;
      |                                    ^~
%Warning-WIDTHEXPAND: /mnt/c/Users/neali/librelane/ML-KEM-Accelerator/src/kem.v:636:42: Operator ADD expects 32 bits on the RHS, but RHS's VARREF 'pi' generates 4 bits.
                                                                                      : ... note: In instance 'kem'
  636 |                             ops_sc <= T0 + pi;
      |                                          ^
%Warning-WIDTHTRUNC: /mnt/c/Users/neali/librelane/ML-KEM-Accelerator/src/kem.v:636:36: Operator ASSIGNDLY expects 4 bits on the Assign RHS, but Assign RHS's ADD generates 32 bits.
                                                                                     : ... note: In instance 'kem'
  636 |                             ops_sc <= T0 + pi;
      |                                    ^~
%Warning-WIDTHEXPAND: /mnt/c/Users/neali/librelane/ML-KEM-Accelerator/src/kem.v:662:34: Operator ADD expects 32 bits on the RHS, but RHS's VARREF 'pi' generates 4 bits.
                                                                                      : ... note: In instance 'kem'
  662 |                     ops_sa <= T0 + pi;
      |                                  ^
%Warning-WIDTHTRUNC: /mnt/c/Users/neali/librelane/ML-KEM-Accelerator/src/kem.v:662:28: Operator ASSIGNDLY expects 4 bits on the Assign RHS, but Assign RHS's ADD generates 32 bits.
                                                                                     : ... note: In instance 'kem'
  662 |                     ops_sa <= T0 + pi;
      |                            ^~
%Warning-WIDTHEXPAND: /mnt/c/Users/neali/librelane/ML-KEM-Accelerator/src/kem.v:676:57: Operator ADD expects 32 bits on the RHS, but RHS's VARREF 'pi' generates 4 bits.
                                                                                      : ... note: In instance 'kem'
  676 |                     bit_buf <= bit_buf | ({20'd0, P[(T0 + pi) * 256 + idx[7:0]]} << nbits);
      |                                                         ^
%Warning-WIDTHEXPAND: /mnt/c/Users/neali/librelane/ML-KEM-Accelerator/src/kem.v:676:69: Operator ADD expects 32 bits on the RHS, but RHS's SEL generates 8 bits.
                                                                                      : ... note: In instance 'kem'
  676 |                     bit_buf <= bit_buf | ({20'd0, P[(T0 + pi) * 256 + idx[7:0]]} << nbits);
      |                                                                     ^
%Warning-WIDTHEXPAND: /mnt/c/Users/neali/librelane/ML-KEM-Accelerator/src/kem.v:683:47: Operator ADD expects 32 bits on the RHS, but RHS's VARREF 'widx' generates 16 bits.
                                                                                      : ... note: In instance 'kem'
  683 |                         bmem_waddr <= PK_BASE + widx;
      |                                               ^
%Warning-WIDTHTRUNC: /mnt/c/Users/neali/librelane/ML-KEM-Accelerator/src/kem.v:683:36: Operator ASSIGNDLY expects 13 bits on the Assign RHS, but Assign RHS's ADD generates 32 bits.
                                                                                     : ... note: In instance 'kem'
  683 |                         bmem_waddr <= PK_BASE + widx;
      |                                    ^~
%Warning-WIDTHEXPAND: /mnt/c/Users/neali/librelane/ML-KEM-Accelerator/src/kem.v:706:55: Operator ADD expects 32 bits on the RHS, but RHS's VARREF 'idx' generates 16 bits.
                                                                                      : ... note: In instance 'kem'
  706 |                     bmem_waddr <= PK_BASE + K*16'd384 + idx;
      |                                                       ^
%Warning-WIDTHTRUNC: /mnt/c/Users/neali/librelane/ML-KEM-Accelerator/src/kem.v:706:32: Operator ASSIGNDLY expects 13 bits on the Assign RHS, but Assign RHS's ADD generates 32 bits.
                                                                                     : ... note: In instance 'kem'
  706 |                     bmem_waddr <= PK_BASE + K*16'd384 + idx;
      |                                ^~
%Warning-WIDTHEXPAND: /mnt/c/Users/neali/librelane/ML-KEM-Accelerator/src/kem.v:723:34: Operator ADD expects 32 bits on the RHS, but RHS's VARREF 'pi' generates 4 bits.
                                                                                      : ... note: In instance 'kem'
  723 |                     ops_sa <= S0 + pi;
      |                                  ^
%Warning-WIDTHTRUNC: /mnt/c/Users/neali/librelane/ML-KEM-Accelerator/src/kem.v:723:28: Operator ASSIGNDLY expects 4 bits on the Assign RHS, but Assign RHS's ADD generates 32 bits.
                                                                                     : ... note: In instance 'kem'
  723 |                     ops_sa <= S0 + pi;
      |                            ^~
%Warning-WIDTHEXPAND: /mnt/c/Users/neali/librelane/ML-KEM-Accelerator/src/kem.v:737:57: Operator ADD expects 32 bits on the RHS, but RHS's VARREF 'pi' generates 4 bits.
                                                                                      : ... note: In instance 'kem'
  737 |                     bit_buf <= bit_buf | ({20'd0, P[(S0 + pi) * 256 + idx[7:0]]} << nbits);
      |                                                         ^
%Warning-WIDTHEXPAND: /mnt/c/Users/neali/librelane/ML-KEM-Accelerator/src/kem.v:737:69: Operator ADD expects 32 bits on the RHS, but RHS's SEL generates 8 bits.
                                                                                      : ... note: In instance 'kem'
  737 |                     bit_buf <= bit_buf | ({20'd0, P[(S0 + pi) * 256 + idx[7:0]]} << nbits);
      |                                                                     ^
%Warning-WIDTHEXPAND: /mnt/c/Users/neali/librelane/ML-KEM-Accelerator/src/kem.v:744:47: Operator ADD expects 32 bits on the RHS, but RHS's VARREF 'widx' generates 16 bits.
                                                                                      : ... note: In instance 'kem'
  744 |                         bmem_waddr <= SK_BASE + widx;
      |                                               ^
%Warning-WIDTHTRUNC: /mnt/c/Users/neali/librelane/ML-KEM-Accelerator/src/kem.v:744:36: Operator ASSIGNDLY expects 13 bits on the Assign RHS, but Assign RHS's ADD generates 32 bits.
                                                                                     : ... note: In instance 'kem'
  744 |                         bmem_waddr <= SK_BASE + widx;
      |                                    ^~
%Warning-WIDTHEXPAND: /mnt/c/Users/neali/librelane/ML-KEM-Accelerator/src/kem.v:767:52: Operator ADD expects 32 bits on the RHS, but RHS's VARREF 'idx' generates 16 bits.
                                                                                      : ... note: In instance 'kem'
  767 |                     bmem_waddr <= SK_BASE + SK_PKE + idx;
      |                                                    ^
%Warning-WIDTHTRUNC: /mnt/c/Users/neali/librelane/ML-KEM-Accelerator/src/kem.v:767:32: Operator ASSIGNDLY expects 13 bits on the Assign RHS, but Assign RHS's ADD generates 32 bits.
                                                                                     : ... note: In instance 'kem'
  767 |                     bmem_waddr <= SK_BASE + SK_PKE + idx;
      |                                ^~
%Warning-WIDTHEXPAND: /mnt/c/Users/neali/librelane/ML-KEM-Accelerator/src/kem.v:768:48: Operator ADD expects 32 bits on the RHS, but RHS's VARREF 'idx' generates 16 bits.
                                                                                      : ... note: In instance 'kem'
  768 |                     bmem_wdata <= bmem[PK_BASE + idx];
      |                                                ^
%Warning-WIDTHEXPAND: /mnt/c/Users/neali/librelane/ML-KEM-Accelerator/src/kem.v:779:46: Operator ADD expects 32 bits on the RHS, but RHS's VARREF 'hpos' generates 16 bits.
                                                                                      : ... note: In instance 'kem'
  779 |                         hdin <= bmem[PK_BASE + hpos];
      |                                              ^
%Warning-WIDTHEXPAND: /mnt/c/Users/neali/librelane/ML-KEM-Accelerator/src/kem.v:806:65: Operator ADD expects 32 bits on the RHS, but RHS's VARREF 'hpos' generates 16 bits.
                                                                                      : ... note: In instance 'kem'
  806 |                         bmem_waddr <= SK_BASE + SK_PKE + PK_LEN + hpos;
      |                                                                 ^
%Warning-WIDTHTRUNC: /mnt/c/Users/neali/librelane/ML-KEM-Accelerator/src/kem.v:806:36: Operator ASSIGNDLY expects 13 bits on the Assign RHS, but Assign RHS's ADD generates 32 bits.
                                                                                     : ... note: In instance 'kem'
  806 |                         bmem_waddr <= SK_BASE + SK_PKE + PK_LEN + hpos;
      |                                    ^~
%Warning-WIDTHEXPAND: /mnt/c/Users/neali/librelane/ML-KEM-Accelerator/src/kem.v:821:66: Operator ADD expects 32 bits on the RHS, but RHS's VARREF 'hpos' generates 16 bits.
                                                                                      : ... note: In instance 'kem'
  821 |                     bmem_waddr <= SK_BASE + SK_PKE + PK_LEN + 32 + hpos;
      |                                                                  ^
%Warning-WIDTHTRUNC: /mnt/c/Users/neali/librelane/ML-KEM-Accelerator/src/kem.v:821:32: Operator ASSIGNDLY expects 13 bits on the Assign RHS, but Assign RHS's ADD generates 32 bits.
                                                                                     : ... note: In instance 'kem'
  821 |                     bmem_waddr <= SK_BASE + SK_PKE + PK_LEN + 32 + hpos;
      |                                ^~
%Warning-WIDTHEXPAND: /mnt/c/Users/neali/librelane/ML-KEM-Accelerator/src/kem.v:838:46: Operator ADD expects 32 bits on the RHS, but RHS's VARREF 'hpos' generates 16 bits.
                                                                                      : ... note: In instance 'kem'
  838 |                         hdin <= bmem[PK_BASE + hpos];
      |                                              ^
%Warning-WIDTHTRUNC: /mnt/c/Users/neali/librelane/ML-KEM-Accelerator/src/kem.v:901:29: Bit extraction of array[63:0] requires 6 bit index, not 16 bits.
                                                                                     : ... note: In instance 'kem'
  901 |                         hout[hpos] <= gdout;
      |                             ^
%Warning-WIDTHEXPAND: /mnt/c/Users/neali/librelane/ML-KEM-Accelerator/src/kem.v:933:68: Operator ADD expects 32 bits on the RHS, but RHS's VARREF 'bidx' generates 16 bits.
                                                                                      : ... note: In instance 'kem'
  933 |                         bit_buf <= bit_buf | ({24'd0, bmem[PK_BASE + bidx]} << nbits);
      |                                                                    ^
%Warning-WIDTHEXPAND: /mnt/c/Users/neali/librelane/ML-KEM-Accelerator/src/kem.v:939:41: Operator ADD expects 32 bits on the RHS, but RHS's VARREF 'pi' generates 4 bits.
                                                                                      : ... note: In instance 'kem'
  939 |                         cpu_addr <= (T0 + pi) * 256 + idx[7:0];
      |                                         ^
%Warning-WIDTHEXPAND: /mnt/c/Users/neali/librelane/ML-KEM-Accelerator/src/kem.v:939:53: Operator ADD expects 32 bits on the RHS, but RHS's SEL generates 8 bits.
                                                                                      : ... note: In instance 'kem'
  939 |                         cpu_addr <= (T0 + pi) * 256 + idx[7:0];
      |                                                     ^
%Warning-WIDTHTRUNC: /mnt/c/Users/neali/librelane/ML-KEM-Accelerator/src/kem.v:939:34: Operator ASSIGNDLY expects 13 bits on the Assign RHS, but Assign RHS's ADD generates 32 bits.
                                                                                     : ... note: In instance 'kem'
  939 |                         cpu_addr <= (T0 + pi) * 256 + idx[7:0];
      |                                  ^~
%Warning-WIDTHEXPAND: /mnt/c/Users/neali/librelane/ML-KEM-Accelerator/src/kem.v:951:34: Operator ADD expects 32 bits on the RHS, but RHS's VARREF 'pi' generates 4 bits.
                                                                                      : ... note: In instance 'kem'
  951 |                     ops_sa <= T0 + pi;
      |                                  ^
%Warning-WIDTHTRUNC: /mnt/c/Users/neali/librelane/ML-KEM-Accelerator/src/kem.v:951:28: Operator ASSIGNDLY expects 4 bits on the Assign RHS, but Assign RHS's ADD generates 32 bits.
                                                                                     : ... note: In instance 'kem'
  951 |                     ops_sa <= T0 + pi;
      |                            ^~
%Warning-WIDTHEXPAND: /mnt/c/Users/neali/librelane/ML-KEM-Accelerator/src/kem.v:985:45: Operator ADD expects 32 bits on the RHS, but RHS's VARREF 'pi' generates 4 bits.
                                                                                      : ... note: In instance 'kem'
  985 |                             cpu_addr <= (S0 + pi) * 256 + idx[7:0];
      |                                             ^
%Warning-WIDTHEXPAND: /mnt/c/Users/neali/librelane/ML-KEM-Accelerator/src/kem.v:985:57: Operator ADD expects 32 bits on the RHS, but RHS's SEL generates 8 bits.
                                                                                      : ... note: In instance 'kem'
  985 |                             cpu_addr <= (S0 + pi) * 256 + idx[7:0];
      |                                                         ^
%Warning-WIDTHTRUNC: /mnt/c/Users/neali/librelane/ML-KEM-Accelerator/src/kem.v:985:38: Operator ASSIGNDLY expects 13 bits on the Assign RHS, but Assign RHS's ADD generates 32 bits.
                                                                                     : ... note: In instance 'kem'
  985 |                             cpu_addr <= (S0 + pi) * 256 + idx[7:0];
      |                                      ^~
%Warning-WIDTHEXPAND: /mnt/c/Users/neali/librelane/ML-KEM-Accelerator/src/kem.v:995:45: Operator ADD expects 32 bits on the RHS, but RHS's VARREF 'pi' generates 4 bits.
                                                                                      : ... note: In instance 'kem'
  995 |                             cpu_addr <= (S0 + pi) * 256 + idx[7:0];
      |                                             ^
%Warning-WIDTHEXPAND: /mnt/c/Users/neali/librelane/ML-KEM-Accelerator/src/kem.v:995:57: Operator ADD expects 32 bits on the RHS, but RHS's SEL generates 8 bits.
                                                                                      : ... note: In instance 'kem'
  995 |                             cpu_addr <= (S0 + pi) * 256 + idx[7:0];
      |                                                         ^
%Warning-WIDTHTRUNC: /mnt/c/Users/neali/librelane/ML-KEM-Accelerator/src/kem.v:995:38: Operator ASSIGNDLY expects 13 bits on the Assign RHS, but Assign RHS's ADD generates 32 bits.
                                                                                     : ... note: In instance 'kem'
  995 |                             cpu_addr <= (S0 + pi) * 256 + idx[7:0];
      |                                      ^~
%Warning-WIDTHEXPAND: /mnt/c/Users/neali/librelane/ML-KEM-Accelerator/src/kem.v:1005:34: Operator ADD expects 32 bits on the RHS, but RHS's VARREF 'pi' generates 4 bits.
                                                                                       : ... note: In instance 'kem'
 1005 |                     ops_sa <= S0 + pi;
      |                                  ^
%Warning-WIDTHTRUNC: /mnt/c/Users/neali/librelane/ML-KEM-Accelerator/src/kem.v:1005:28: Operator ASSIGNDLY expects 4 bits on the Assign RHS, but Assign RHS's ADD generates 32 bits.
                                                                                      : ... note: In instance 'kem'
 1005 |                     ops_sa <= S0 + pi;
      |                            ^~
%Warning-WIDTHEXPAND: /mnt/c/Users/neali/librelane/ML-KEM-Accelerator/src/kem.v:1012:38: Operator ADD expects 32 bits on the RHS, but RHS's VARREF 'pi' generates 4 bits.
                                                                                       : ... note: In instance 'kem'
 1012 |                         ops_sa <= S0 + pi;
      |                                      ^
%Warning-WIDTHTRUNC: /mnt/c/Users/neali/librelane/ML-KEM-Accelerator/src/kem.v:1012:32: Operator ASSIGNDLY expects 4 bits on the Assign RHS, but Assign RHS's ADD generates 32 bits.
                                                                                      : ... note: In instance 'kem'
 1012 |                         ops_sa <= S0 + pi;
      |                                ^~
%Warning-WIDTHEXPAND: /mnt/c/Users/neali/librelane/ML-KEM-Accelerator/src/kem.v:1043:41: Operator ADD expects 32 bits on the RHS, but RHS's VARREF 'pi' generates 4 bits.
                                                                                       : ... note: In instance 'kem'
 1043 |                         cpu_addr <= (E0 + pi) * 256 + idx[7:0];
      |                                         ^
%Warning-WIDTHEXPAND: /mnt/c/Users/neali/librelane/ML-KEM-Accelerator/src/kem.v:1043:53: Operator ADD expects 32 bits on the RHS, but RHS's SEL generates 8 bits.
                                                                                       : ... note: In instance 'kem'
 1043 |                         cpu_addr <= (E0 + pi) * 256 + idx[7:0];
      |                                                     ^
%Warning-WIDTHTRUNC: /mnt/c/Users/neali/librelane/ML-KEM-Accelerator/src/kem.v:1043:34: Operator ASSIGNDLY expects 13 bits on the Assign RHS, but Assign RHS's ADD generates 32 bits.
                                                                                      : ... note: In instance 'kem'
 1043 |                         cpu_addr <= (E0 + pi) * 256 + idx[7:0];
      |                                  ^~
%Warning-WIDTHTRUNC: /mnt/c/Users/neali/librelane/ML-KEM-Accelerator/src/kem.v:1053:36: Operator ASSIGNDLY expects 8 bits on the Assign RHS, but Assign RHS's SHIFTL generates 32 bits.
                                                                                      : ... note: In instance 'kem'
 1053 |                             cnonce <= (K << 1);
      |                                    ^~
%Warning-WIDTHEXPAND: /mnt/c/Users/neali/librelane/ML-KEM-Accelerator/src/kem.v:1063:46: Operator ADD expects 32 bits on the RHS, but RHS's SEL generates 8 bits.
                                                                                       : ... note: In instance 'kem'
 1063 |                         cpu_addr <= SM * 256 + idx[7:0];
      |                                              ^
%Warning-WIDTHTRUNC: /mnt/c/Users/neali/librelane/ML-KEM-Accelerator/src/kem.v:1063:34: Operator ASSIGNDLY expects 13 bits on the Assign RHS, but Assign RHS's ADD generates 32 bits.
                                                                                      : ... note: In instance 'kem'
 1063 |                         cpu_addr <= SM * 256 + idx[7:0];
      |                                  ^~
%Warning-WIDTHTRUNC: /mnt/c/Users/neali/librelane/ML-KEM-Accelerator/src/kem.v:1081:28: Operator ASSIGNDLY expects 4 bits on the Assign RHS, but Assign RHS's VARREF 'SW' generates 32 bits.
                                                                                      : ... note: In instance 'kem'
 1081 |                     ops_sa <= SW;
      |                            ^~
%Warning-WIDTHEXPAND: /mnt/c/Users/neali/librelane/ML-KEM-Accelerator/src/kem.v:1097:46: Operator ADD expects 32 bits on the RHS, but RHS's SEL generates 8 bits.
                                                                                       : ... note: In instance 'kem'
 1097 |                         cpu_addr <= SA * 256 + idx[7:0];
      |                                              ^
%Warning-WIDTHTRUNC: /mnt/c/Users/neali/librelane/ML-KEM-Accelerator/src/kem.v:1097:34: Operator ASSIGNDLY expects 13 bits on the Assign RHS, but Assign RHS's ADD generates 32 bits.
                                                                                      : ... note: In instance 'kem'
 1097 |                         cpu_addr <= SA * 256 + idx[7:0];
      |                                  ^~
%Warning-WIDTHTRUNC: /mnt/c/Users/neali/librelane/ML-KEM-Accelerator/src/kem.v:1106:28: Operator ASSIGNDLY expects 4 bits on the Assign RHS, but Assign RHS's VARREF 'SA' generates 32 bits.
                                                                                      : ... note: In instance 'kem'
 1106 |                     ops_sa <= SA;
      |                            ^~
%Warning-WIDTHTRUNC: /mnt/c/Users/neali/librelane/ML-KEM-Accelerator/src/kem.v:1113:32: Operator ASSIGNDLY expects 4 bits on the Assign RHS, but Assign RHS's VARREF 'SA' generates 32 bits.
                                                                                      : ... note: In instance 'kem'
 1113 |                         ops_sa <= SA;
      |                                ^~
%Warning-WIDTHEXPAND: /mnt/c/Users/neali/librelane/ML-KEM-Accelerator/src/kem.v:1114:38: Operator ADD expects 32 bits on the RHS, but RHS's VARREF 'pj' generates 4 bits.
                                                                                       : ... note: In instance 'kem'
 1114 |                         ops_sb <= S0 + pj;
      |                                      ^
%Warning-WIDTHTRUNC: /mnt/c/Users/neali/librelane/ML-KEM-Accelerator/src/kem.v:1114:32: Operator ASSIGNDLY expects 4 bits on the Assign RHS, but Assign RHS's ADD generates 32 bits.
                                                                                      : ... note: In instance 'kem'
 1114 |                         ops_sb <= S0 + pj;
      |                                ^~
%Warning-WIDTHTRUNC: /mnt/c/Users/neali/librelane/ML-KEM-Accelerator/src/kem.v:1115:32: Operator ASSIGNDLY expects 4 bits on the Assign RHS, but Assign RHS's VARREF 'SW' generates 32 bits.
                                                                                      : ... note: In instance 'kem'
 1115 |                         ops_sc <= SW;
      |                                ^~
%Warning-WIDTHTRUNC: /mnt/c/Users/neali/librelane/ML-KEM-Accelerator/src/kem.v:1132:36: Operator ASSIGNDLY expects 4 bits on the Assign RHS, but Assign RHS's VARREF 'SW' generates 32 bits.
                                                                                      : ... note: In instance 'kem'
 1132 |                             ops_sa <= SW;
      |                                    ^~
%Warning-WIDTHTRUNC: /mnt/c/Users/neali/librelane/ML-KEM-Accelerator/src/kem.v:1141:32: Operator ASSIGNDLY expects 4 bits on the Assign RHS, but Assign RHS's VARREF 'SW' generates 32 bits.
                                                                                      : ... note: In instance 'kem'
 1141 |                         ops_sa <= SW;
      |                                ^~
%Warning-WIDTHTRUNC: /mnt/c/Users/neali/librelane/ML-KEM-Accelerator/src/kem.v:1149:32: Operator ASSIGNDLY expects 4 bits on the Assign RHS, but Assign RHS's VARREF 'SW' generates 32 bits.
                                                                                      : ... note: In instance 'kem'
 1149 |                         ops_sa <= SW;
      |                                ^~
%Warning-WIDTHEXPAND: /mnt/c/Users/neali/librelane/ML-KEM-Accelerator/src/kem.v:1150:38: Operator ADD expects 32 bits on the RHS, but RHS's VARREF 'pi' generates 4 bits.
                                                                                       : ... note: In instance 'kem'
 1150 |                         ops_sb <= E0 + pi;
      |                                      ^
%Warning-WIDTHTRUNC: /mnt/c/Users/neali/librelane/ML-KEM-Accelerator/src/kem.v:1150:32: Operator ASSIGNDLY expects 4 bits on the Assign RHS, but Assign RHS's ADD generates 32 bits.
                                                                                      : ... note: In instance 'kem'
 1150 |                         ops_sb <= E0 + pi;
      |                                ^~
%Warning-WIDTHEXPAND: /mnt/c/Users/neali/librelane/ML-KEM-Accelerator/src/kem.v:1151:38: Operator ADD expects 32 bits on the RHS, but RHS's VARREF 'pi' generates 4 bits.
                                                                                       : ... note: In instance 'kem'
 1151 |                         ops_sc <= E0 + pi;
      |                                      ^
%Warning-WIDTHTRUNC: /mnt/c/Users/neali/librelane/ML-KEM-Accelerator/src/kem.v:1151:32: Operator ASSIGNDLY expects 4 bits on the Assign RHS, but Assign RHS's ADD generates 32 bits.
                                                                                      : ... note: In instance 'kem'
 1151 |                         ops_sc <= E0 + pi;
      |                                ^~
%Warning-WIDTHTRUNC: /mnt/c/Users/neali/librelane/ML-KEM-Accelerator/src/kem.v:1176:28: Operator ASSIGNDLY expects 4 bits on the Assign RHS, but Assign RHS's VARREF 'SV' generates 32 bits.
                                                                                      : ... note: In instance 'kem'
 1176 |                     ops_sa <= SV;
      |                            ^~
%Warning-WIDTHEXPAND: /mnt/c/Users/neali/librelane/ML-KEM-Accelerator/src/kem.v:1183:38: Operator ADD expects 32 bits on the RHS, but RHS's VARREF 'pi' generates 4 bits.
                                                                                       : ... note: In instance 'kem'
 1183 |                         ops_sa <= T0 + pi;
      |                                      ^
%Warning-WIDTHTRUNC: /mnt/c/Users/neali/librelane/ML-KEM-Accelerator/src/kem.v:1183:32: Operator ASSIGNDLY expects 4 bits on the Assign RHS, but Assign RHS's ADD generates 32 bits.
                                                                                      : ... note: In instance 'kem'
 1183 |                         ops_sa <= T0 + pi;
      |                                ^~
%Warning-WIDTHEXPAND: /mnt/c/Users/neali/librelane/ML-KEM-Accelerator/src/kem.v:1184:38: Operator ADD expects 32 bits on the RHS, but RHS's VARREF 'pi' generates 4 bits.
                                                                                       : ... note: In instance 'kem'
 1184 |                         ops_sb <= S0 + pi;
      |                                      ^
%Warning-WIDTHTRUNC: /mnt/c/Users/neali/librelane/ML-KEM-Accelerator/src/kem.v:1184:32: Operator ASSIGNDLY expects 4 bits on the Assign RHS, but Assign RHS's ADD generates 32 bits.
                                                                                      : ... note: In instance 'kem'
 1184 |                         ops_sb <= S0 + pi;
      |                                ^~
%Warning-WIDTHTRUNC: /mnt/c/Users/neali/librelane/ML-KEM-Accelerator/src/kem.v:1185:32: Operator ASSIGNDLY expects 4 bits on the Assign RHS, but Assign RHS's VARREF 'SV' generates 32 bits.
                                                                                      : ... note: In instance 'kem'
 1185 |                         ops_sc <= SV;
      |                                ^~
%Warning-WIDTHEXPAND: /mnt/c/Users/neali/librelane/ML-KEM-Accelerator/src/kem.v:1195:48: Operator ADD expects 32 bits on the LHS, but LHS's VARREF 'pi' generates 4 bits.
                                                                                       : ... note: In instance 'kem'
 1195 |                             ops_sa <= T0 + (pi + 4'd1);
      |                                                ^
%Warning-WIDTHEXPAND: /mnt/c/Users/neali/librelane/ML-KEM-Accelerator/src/kem.v:1195:48: Operator ADD expects 32 bits on the RHS, but RHS's CONST '4'h1' generates 4 bits.
                                                                                       : ... note: In instance 'kem'
 1195 |                             ops_sa <= T0 + (pi + 4'd1);
      |                                                ^
%Warning-WIDTHTRUNC: /mnt/c/Users/neali/librelane/ML-KEM-Accelerator/src/kem.v:1195:36: Operator ASSIGNDLY expects 4 bits on the Assign RHS, but Assign RHS's ADD generates 32 bits.
                                                                                      : ... note: In instance 'kem'
 1195 |                             ops_sa <= T0 + (pi + 4'd1);
      |                                    ^~
%Warning-WIDTHEXPAND: /mnt/c/Users/neali/librelane/ML-KEM-Accelerator/src/kem.v:1196:48: Operator ADD expects 32 bits on the LHS, but LHS's VARREF 'pi' generates 4 bits.
                                                                                       : ... note: In instance 'kem'
 1196 |                             ops_sb <= S0 + (pi + 4'd1);
      |                                                ^
%Warning-WIDTHEXPAND: /mnt/c/Users/neali/librelane/ML-KEM-Accelerator/src/kem.v:1196:48: Operator ADD expects 32 bits on the RHS, but RHS's CONST '4'h1' generates 4 bits.
                                                                                       : ... note: In instance 'kem'
 1196 |                             ops_sb <= S0 + (pi + 4'd1);
      |                                                ^
%Warning-WIDTHTRUNC: /mnt/c/Users/neali/librelane/ML-KEM-Accelerator/src/kem.v:1196:36: Operator ASSIGNDLY expects 4 bits on the Assign RHS, but Assign RHS's ADD generates 32 bits.
                                                                                      : ... note: In instance 'kem'
 1196 |                             ops_sb <= S0 + (pi + 4'd1);
      |                                    ^~
%Warning-WIDTHTRUNC: /mnt/c/Users/neali/librelane/ML-KEM-Accelerator/src/kem.v:1197:36: Operator ASSIGNDLY expects 4 bits on the Assign RHS, but Assign RHS's VARREF 'SV' generates 32 bits.
                                                                                      : ... note: In instance 'kem'
 1197 |                             ops_sc <= SV;
      |                                    ^~
%Warning-WIDTHTRUNC: /mnt/c/Users/neali/librelane/ML-KEM-Accelerator/src/kem.v:1203:36: Operator ASSIGNDLY expects 4 bits on the Assign RHS, but Assign RHS's VARREF 'SV' generates 32 bits.
                                                                                      : ... note: In instance 'kem'
 1203 |                             ops_sa <= SV;
      |                                    ^~
%Warning-WIDTHTRUNC: /mnt/c/Users/neali/librelane/ML-KEM-Accelerator/src/kem.v:1212:32: Operator ASSIGNDLY expects 4 bits on the Assign RHS, but Assign RHS's VARREF 'SV' generates 32 bits.
                                                                                      : ... note: In instance 'kem'
 1212 |                         ops_sa <= SV;
      |                                ^~
%Warning-WIDTHTRUNC: /mnt/c/Users/neali/librelane/ML-KEM-Accelerator/src/kem.v:1220:32: Operator ASSIGNDLY expects 4 bits on the Assign RHS, but Assign RHS's VARREF 'SV' generates 32 bits.
                                                                                      : ... note: In instance 'kem'
 1220 |                         ops_sa <= SV;
      |                                ^~
%Warning-WIDTHTRUNC: /mnt/c/Users/neali/librelane/ML-KEM-Accelerator/src/kem.v:1221:32: Operator ASSIGNDLY expects 4 bits on the Assign RHS, but Assign RHS's VARREF 'SM' generates 32 bits.
                                                                                      : ... note: In instance 'kem'
 1221 |                         ops_sb <= SM;
      |                                ^~
%Warning-WIDTHTRUNC: /mnt/c/Users/neali/librelane/ML-KEM-Accelerator/src/kem.v:1222:32: Operator ASSIGNDLY expects 4 bits on the Assign RHS, but Assign RHS's VARREF 'SV' generates 32 bits.
                                                                                      : ... note: In instance 'kem'
 1222 |                         ops_sc <= SV;
      |                                ^~
%Warning-WIDTHEXPAND: /mnt/c/Users/neali/librelane/ML-KEM-Accelerator/src/kem.v:1234:71: Operator AND expects 8 bits on the RHS, but RHS's CONST '1'h1' generates 1 bits.
                                                                                       : ... note: In instance 'kem'
 1234 |                     xd <= {11'd0, (m_r[8*idx[15:3] +: 8] >> idx[2:0]) & 1'b1};
      |                                                                       ^
%Warning-WIDTHTRUNC: /mnt/c/Users/neali/librelane/ML-KEM-Accelerator/src/kem.v:1234:24: Operator ASSIGNDLY expects 12 bits on the Assign RHS, but Assign RHS's REPLICATE generates 19 bits.
                                                                                      : ... note: In instance 'kem'
 1234 |                     xd <= {11'd0, (m_r[8*idx[15:3] +: 8] >> idx[2:0]) & 1'b1};
      |                        ^~
%Warning-WIDTHEXPAND: /mnt/c/Users/neali/librelane/ML-KEM-Accelerator/src/kem.v:1238:41: Operator ADD expects 32 bits on the RHS, but RHS's SEL generates 8 bits.
                                                                                       : ... note: In instance 'kem'
 1238 |                     add_a <= P[SV * 256 + idx[7:0]];
      |                                         ^
%Warning-WIDTHEXPAND: /mnt/c/Users/neali/librelane/ML-KEM-Accelerator/src/kem.v:1244:42: Operator ADD expects 32 bits on the RHS, but RHS's SEL generates 8 bits.
                                                                                       : ... note: In instance 'kem'
 1244 |                     cpu_addr <= SV * 256 + idx[7:0];
      |                                          ^
%Warning-WIDTHTRUNC: /mnt/c/Users/neali/librelane/ML-KEM-Accelerator/src/kem.v:1244:30: Operator ASSIGNDLY expects 13 bits on the Assign RHS, but Assign RHS's ADD generates 32 bits.
                                                                                      : ... note: In instance 'kem'
 1244 |                     cpu_addr <= SV * 256 + idx[7:0];
      |                              ^~
%Warning-WIDTHEXPAND: /mnt/c/Users/neali/librelane/ML-KEM-Accelerator/src/kem.v:1272:33: Operator ADD expects 32 bits on the RHS, but RHS's VARREF 'pi' generates 4 bits.
                                                                                       : ... note: In instance 'kem'
 1272 |                     xd <= P[(E0 + pi) * 256 + idx[7:0]];
      |                                 ^
%Warning-WIDTHEXPAND: /mnt/c/Users/neali/librelane/ML-KEM-Accelerator/src/kem.v:1272:45: Operator ADD expects 32 bits on the RHS, but RHS's SEL generates 8 bits.
                                                                                       : ... note: In instance 'kem'
 1272 |                     xd <= P[(E0 + pi) * 256 + idx[7:0]];
      |                                             ^
%Warning-WIDTHEXPAND: /mnt/c/Users/neali/librelane/ML-KEM-Accelerator/src/kem.v:1286:68: Operator ADD expects 32 bits on the RHS, but RHS's VARREF 'widx' generates 16 bits.
                                                                                       : ... note: In instance 'kem'
 1286 |                         bmem_waddr <= (reenc ? CT2_BASE : CT_BASE) + widx;
      |                                                                    ^
%Warning-WIDTHTRUNC: /mnt/c/Users/neali/librelane/ML-KEM-Accelerator/src/kem.v:1286:36: Operator ASSIGNDLY expects 13 bits on the Assign RHS, but Assign RHS's ADD generates 32 bits.
                                                                                      : ... note: In instance 'kem'
 1286 |                         bmem_waddr <= (reenc ? CT2_BASE : CT_BASE) + widx;
      |                                    ^~
%Warning-WIDTHTRUNC: /mnt/c/Users/neali/librelane/ML-KEM-Accelerator/src/kem.v:1301:34: Operator ASSIGNDLY expects 16 bits on the Assign RHS, but Assign RHS's MULS generates 32 bits.
                                                                                      : ... note: In instance 'kem'
 1301 |                             widx <= (U_BYTES * K);
      |                                  ^~
%Warning-WIDTHEXPAND: /mnt/c/Users/neali/librelane/ML-KEM-Accelerator/src/kem.v:1311:38: Operator ADD expects 32 bits on the RHS, but RHS's SEL generates 8 bits.
                                                                                       : ... note: In instance 'kem'
 1311 |                     xd <= P[SV * 256 + idx[7:0]];
      |                                      ^
%Warning-WIDTHEXPAND: /mnt/c/Users/neali/librelane/ML-KEM-Accelerator/src/kem.v:1325:68: Operator ADD expects 32 bits on the RHS, but RHS's VARREF 'widx' generates 16 bits.
                                                                                       : ... note: In instance 'kem'
 1325 |                         bmem_waddr <= (reenc ? CT2_BASE : CT_BASE) + widx;
      |                                                                    ^
%Warning-WIDTHTRUNC: /mnt/c/Users/neali/librelane/ML-KEM-Accelerator/src/kem.v:1325:36: Operator ASSIGNDLY expects 13 bits on the Assign RHS, but Assign RHS's ADD generates 32 bits.
                                                                                      : ... note: In instance 'kem'
 1325 |                         bmem_waddr <= (reenc ? CT2_BASE : CT_BASE) + widx;
      |                                    ^~
%Warning-WIDTHEXPAND: /mnt/c/Users/neali/librelane/ML-KEM-Accelerator/src/kem.v:1367:43: Operator ADD expects 32 bits on the RHS, but RHS's VARREF 'idx' generates 16 bits.
                                                                                       : ... note: In instance 'kem'
 1367 |                     bmem_waddr <= PK_BASE + idx;
      |                                           ^
%Warning-WIDTHTRUNC: /mnt/c/Users/neali/librelane/ML-KEM-Accelerator/src/kem.v:1367:32: Operator ASSIGNDLY expects 13 bits on the Assign RHS, but Assign RHS's ADD generates 32 bits.
                                                                                      : ... note: In instance 'kem'
 1367 |                     bmem_waddr <= PK_BASE + idx;
      |                                ^~
%Warning-WIDTHEXPAND: /mnt/c/Users/neali/librelane/ML-KEM-Accelerator/src/kem.v:1368:57: Operator ADD expects 32 bits on the RHS, but RHS's VARREF 'idx' generates 16 bits.
                                                                                       : ... note: In instance 'kem'
 1368 |                     bmem_wdata <= bmem[SK_BASE + SK_PKE + idx];
      |                                                         ^
%Warning-WIDTHEXPAND: /mnt/c/Users/neali/librelane/ML-KEM-Accelerator/src/kem.v:1390:68: Operator ADD expects 32 bits on the RHS, but RHS's VARREF 'bidx' generates 16 bits.
                                                                                       : ... note: In instance 'kem'
 1390 |                         bit_buf <= bit_buf | ({24'd0, bmem[SK_BASE + bidx]} << nbits);
      |                                                                    ^
%Warning-WIDTHEXPAND: /mnt/c/Users/neali/librelane/ML-KEM-Accelerator/src/kem.v:1396:41: Operator ADD expects 32 bits on the RHS, but RHS's VARREF 'pi' generates 4 bits.
                                                                                       : ... note: In instance 'kem'
 1396 |                         cpu_addr <= (S0 + pi) * 256 + idx[7:0];
      |                                         ^
%Warning-WIDTHEXPAND: /mnt/c/Users/neali/librelane/ML-KEM-Accelerator/src/kem.v:1396:53: Operator ADD expects 32 bits on the RHS, but RHS's SEL generates 8 bits.
                                                                                       : ... note: In instance 'kem'
 1396 |                         cpu_addr <= (S0 + pi) * 256 + idx[7:0];
      |                                                     ^
%Warning-WIDTHTRUNC: /mnt/c/Users/neali/librelane/ML-KEM-Accelerator/src/kem.v:1396:34: Operator ASSIGNDLY expects 13 bits on the Assign RHS, but Assign RHS's ADD generates 32 bits.
                                                                                      : ... note: In instance 'kem'
 1396 |                         cpu_addr <= (S0 + pi) * 256 + idx[7:0];
      |                                  ^~
%Warning-WIDTHEXPAND: /mnt/c/Users/neali/librelane/ML-KEM-Accelerator/src/kem.v:1408:34: Operator ADD expects 32 bits on the RHS, but RHS's VARREF 'pi' generates 4 bits.
                                                                                       : ... note: In instance 'kem'
 1408 |                     ops_sa <= S0 + pi;
      |                                  ^
%Warning-WIDTHTRUNC: /mnt/c/Users/neali/librelane/ML-KEM-Accelerator/src/kem.v:1408:28: Operator ASSIGNDLY expects 4 bits on the Assign RHS, but Assign RHS's ADD generates 32 bits.
                                                                                      : ... note: In instance 'kem'
 1408 |                     ops_sa <= S0 + pi;
      |                            ^~
%Warning-WIDTHEXPAND: /mnt/c/Users/neali/librelane/ML-KEM-Accelerator/src/kem.v:1438:68: Operator ADD expects 32 bits on the RHS, but RHS's VARREF 'bidx' generates 16 bits.
                                                                                       : ... note: In instance 'kem'
 1438 |                         bit_buf <= bit_buf | ({24'd0, bmem[CT_BASE + bidx]} << nbits);
      |                                                                    ^
%Warning-WIDTHEXPAND: /mnt/c/Users/neali/librelane/ML-KEM-Accelerator/src/kem.v:1451:37: Operator ADD expects 32 bits on the RHS, but RHS's VARREF 'pi' generates 4 bits.
                                                                                       : ... note: In instance 'kem'
 1451 |                     cpu_addr <= (E0 + pi) * 256 + idx[7:0];
      |                                     ^
%Warning-WIDTHEXPAND: /mnt/c/Users/neali/librelane/ML-KEM-Accelerator/src/kem.v:1451:49: Operator ADD expects 32 bits on the RHS, but RHS's SEL generates 8 bits.
                                                                                       : ... note: In instance 'kem'
 1451 |                     cpu_addr <= (E0 + pi) * 256 + idx[7:0];
      |                                                 ^
%Warning-WIDTHTRUNC: /mnt/c/Users/neali/librelane/ML-KEM-Accelerator/src/kem.v:1451:30: Operator ASSIGNDLY expects 13 bits on the Assign RHS, but Assign RHS's ADD generates 32 bits.
                                                                                      : ... note: In instance 'kem'
 1451 |                     cpu_addr <= (E0 + pi) * 256 + idx[7:0];
      |                              ^~
%Warning-WIDTHEXPAND: /mnt/c/Users/neali/librelane/ML-KEM-Accelerator/src/kem.v:1465:34: Operator ADD expects 32 bits on the RHS, but RHS's VARREF 'pi' generates 4 bits.
                                                                                       : ... note: In instance 'kem'
 1465 |                     ops_sa <= E0 + pi;
      |                                  ^
%Warning-WIDTHTRUNC: /mnt/c/Users/neali/librelane/ML-KEM-Accelerator/src/kem.v:1465:28: Operator ASSIGNDLY expects 4 bits on the Assign RHS, but Assign RHS's ADD generates 32 bits.
                                                                                      : ... note: In instance 'kem'
 1465 |                     ops_sa <= E0 + pi;
      |                            ^~
%Warning-WIDTHEXPAND: /mnt/c/Users/neali/librelane/ML-KEM-Accelerator/src/kem.v:1472:38: Operator ADD expects 32 bits on the RHS, but RHS's VARREF 'pi' generates 4 bits.
                                                                                       : ... note: In instance 'kem'
 1472 |                         ops_sa <= E0 + pi;
      |                                      ^
%Warning-WIDTHTRUNC: /mnt/c/Users/neali/librelane/ML-KEM-Accelerator/src/kem.v:1472:32: Operator ASSIGNDLY expects 4 bits on the Assign RHS, but Assign RHS's ADD generates 32 bits.
                                                                                      : ... note: In instance 'kem'
 1472 |                         ops_sa <= E0 + pi;
      |                                ^~
%Warning-WIDTHTRUNC: /mnt/c/Users/neali/librelane/ML-KEM-Accelerator/src/kem.v:1487:34: Operator ASSIGNDLY expects 16 bits on the Assign RHS, but Assign RHS's MULS generates 32 bits.
                                                                                      : ... note: In instance 'kem'
 1487 |                             bidx <= (U_BYTES * K);
      |                                  ^~
%Warning-WIDTHEXPAND: /mnt/c/Users/neali/librelane/ML-KEM-Accelerator/src/kem.v:1499:68: Operator ADD expects 32 bits on the RHS, but RHS's VARREF 'bidx' generates 16 bits.
                                                                                       : ... note: In instance 'kem'
 1499 |                         bit_buf <= bit_buf | ({24'd0, bmem[CT_BASE + bidx]} << nbits);
      |                                                                    ^
%Warning-WIDTHEXPAND: /mnt/c/Users/neali/librelane/ML-KEM-Accelerator/src/kem.v:1512:42: Operator ADD expects 32 bits on the RHS, but RHS's SEL generates 8 bits.
                                                                                       : ... note: In instance 'kem'
 1512 |                     cpu_addr <= SV * 256 + idx[7:0];
      |                                          ^
%Warning-WIDTHTRUNC: /mnt/c/Users/neali/librelane/ML-KEM-Accelerator/src/kem.v:1512:30: Operator ASSIGNDLY expects 13 bits on the Assign RHS, but Assign RHS's ADD generates 32 bits.
                                                                                      : ... note: In instance 'kem'
 1512 |                     cpu_addr <= SV * 256 + idx[7:0];
      |                              ^~
%Warning-WIDTHTRUNC: /mnt/c/Users/neali/librelane/ML-KEM-Accelerator/src/kem.v:1533:28: Operator ASSIGNDLY expects 4 bits on the Assign RHS, but Assign RHS's VARREF 'SW' generates 32 bits.
                                                                                      : ... note: In instance 'kem'
 1533 |                     ops_sa <= SW;
      |                            ^~
%Warning-WIDTHEXPAND: /mnt/c/Users/neali/librelane/ML-KEM-Accelerator/src/kem.v:1540:38: Operator ADD expects 32 bits on the RHS, but RHS's VARREF 'pi' generates 4 bits.
                                                                                       : ... note: In instance 'kem'
 1540 |                         ops_sa <= S0 + pi;
      |                                      ^
%Warning-WIDTHTRUNC: /mnt/c/Users/neali/librelane/ML-KEM-Accelerator/src/kem.v:1540:32: Operator ASSIGNDLY expects 4 bits on the Assign RHS, but Assign RHS's ADD generates 32 bits.
                                                                                      : ... note: In instance 'kem'
 1540 |                         ops_sa <= S0 + pi;
      |                                ^~
%Warning-WIDTHEXPAND: /mnt/c/Users/neali/librelane/ML-KEM-Accelerator/src/kem.v:1541:38: Operator ADD expects 32 bits on the RHS, but RHS's VARREF 'pi' generates 4 bits.
                                                                                       : ... note: In instance 'kem'
 1541 |                         ops_sb <= E0 + pi;
      |                                      ^
%Warning-WIDTHTRUNC: /mnt/c/Users/neali/librelane/ML-KEM-Accelerator/src/kem.v:1541:32: Operator ASSIGNDLY expects 4 bits on the Assign RHS, but Assign RHS's ADD generates 32 bits.
                                                                                      : ... note: In instance 'kem'
 1541 |                         ops_sb <= E0 + pi;
      |                                ^~
%Warning-WIDTHTRUNC: /mnt/c/Users/neali/librelane/ML-KEM-Accelerator/src/kem.v:1542:32: Operator ASSIGNDLY expects 4 bits on the Assign RHS, but Assign RHS's VARREF 'SW' generates 32 bits.
                                                                                      : ... note: In instance 'kem'
 1542 |                         ops_sc <= SW;
      |                                ^~
%Warning-WIDTHEXPAND: /mnt/c/Users/neali/librelane/ML-KEM-Accelerator/src/kem.v:1552:48: Operator ADD expects 32 bits on the LHS, but LHS's VARREF 'pi' generates 4 bits.
                                                                                       : ... note: In instance 'kem'
 1552 |                             ops_sa <= S0 + (pi + 4'd1);
      |                                                ^
%Warning-WIDTHEXPAND: /mnt/c/Users/neali/librelane/ML-KEM-Accelerator/src/kem.v:1552:48: Operator ADD expects 32 bits on the RHS, but RHS's CONST '4'h1' generates 4 bits.
                                                                                       : ... note: In instance 'kem'
 1552 |                             ops_sa <= S0 + (pi + 4'd1);
      |                                                ^
%Warning-WIDTHTRUNC: /mnt/c/Users/neali/librelane/ML-KEM-Accelerator/src/kem.v:1552:36: Operator ASSIGNDLY expects 4 bits on the Assign RHS, but Assign RHS's ADD generates 32 bits.
                                                                                      : ... note: In instance 'kem'
 1552 |                             ops_sa <= S0 + (pi + 4'd1);
      |                                    ^~
%Warning-WIDTHEXPAND: /mnt/c/Users/neali/librelane/ML-KEM-Accelerator/src/kem.v:1553:48: Operator ADD expects 32 bits on the LHS, but LHS's VARREF 'pi' generates 4 bits.
                                                                                       : ... note: In instance 'kem'
 1553 |                             ops_sb <= E0 + (pi + 4'd1);
      |                                                ^
%Warning-WIDTHEXPAND: /mnt/c/Users/neali/librelane/ML-KEM-Accelerator/src/kem.v:1553:48: Operator ADD expects 32 bits on the RHS, but RHS's CONST '4'h1' generates 4 bits.
                                                                                       : ... note: In instance 'kem'
 1553 |                             ops_sb <= E0 + (pi + 4'd1);
      |                                                ^
%Warning-WIDTHTRUNC: /mnt/c/Users/neali/librelane/ML-KEM-Accelerator/src/kem.v:1553:36: Operator ASSIGNDLY expects 4 bits on the Assign RHS, but Assign RHS's ADD generates 32 bits.
                                                                                      : ... note: In instance 'kem'
 1553 |                             ops_sb <= E0 + (pi + 4'd1);
      |                                    ^~
%Warning-WIDTHTRUNC: /mnt/c/Users/neali/librelane/ML-KEM-Accelerator/src/kem.v:1554:36: Operator ASSIGNDLY expects 4 bits on the Assign RHS, but Assign RHS's VARREF 'SW' generates 32 bits.
                                                                                      : ... note: In instance 'kem'
 1554 |                             ops_sc <= SW;
      |                                    ^~
%Warning-WIDTHTRUNC: /mnt/c/Users/neali/librelane/ML-KEM-Accelerator/src/kem.v:1560:36: Operator ASSIGNDLY expects 4 bits on the Assign RHS, but Assign RHS's VARREF 'SW' generates 32 bits.
                                                                                      : ... note: In instance 'kem'
 1560 |                             ops_sa <= SW;
      |                                    ^~
%Warning-WIDTHTRUNC: /mnt/c/Users/neali/librelane/ML-KEM-Accelerator/src/kem.v:1569:32: Operator ASSIGNDLY expects 4 bits on the Assign RHS, but Assign RHS's VARREF 'SW' generates 32 bits.
                                                                                      : ... note: In instance 'kem'
 1569 |                         ops_sa <= SW;
      |                                ^~
%Warning-WIDTHTRUNC: /mnt/c/Users/neali/librelane/ML-KEM-Accelerator/src/kem.v:1577:32: Operator ASSIGNDLY expects 4 bits on the Assign RHS, but Assign RHS's VARREF 'SV' generates 32 bits.
                                                                                      : ... note: In instance 'kem'
 1577 |                         ops_sa <= SV;
      |                                ^~
%Warning-WIDTHTRUNC: /mnt/c/Users/neali/librelane/ML-KEM-Accelerator/src/kem.v:1578:32: Operator ASSIGNDLY expects 4 bits on the Assign RHS, but Assign RHS's VARREF 'SW' generates 32 bits.
                                                                                      : ... note: In instance 'kem'
 1578 |                         ops_sb <= SW;
      |                                ^~
%Warning-WIDTHTRUNC: /mnt/c/Users/neali/librelane/ML-KEM-Accelerator/src/kem.v:1579:32: Operator ASSIGNDLY expects 4 bits on the Assign RHS, but Assign RHS's VARREF 'SW' generates 32 bits.
                                                                                      : ... note: In instance 'kem'
 1579 |                         ops_sc <= SW;
      |                                ^~
%Warning-WIDTHEXPAND: /mnt/c/Users/neali/librelane/ML-KEM-Accelerator/src/kem.v:1592:38: Operator ADD expects 32 bits on the RHS, but RHS's SEL generates 8 bits.
                                                                                       : ... note: In instance 'kem'
 1592 |                     xd <= P[SW * 256 + idx[7:0]];
      |                                      ^
%Warning-WIDTHTRUNC: /mnt/c/Users/neali/librelane/ML-KEM-Accelerator/src/kem.v:1637:29: Bit extraction of array[63:0] requires 6 bit index, not 16 bits.
                                                                                      : ... note: In instance 'kem'
 1637 |                         hout[hpos] <= gdout;
      |                             ^
%Warning-WIDTHEXPAND: /mnt/c/Users/neali/librelane/ML-KEM-Accelerator/src/kem.v:1661:39: Operator ADD expects 32 bits on the RHS, but RHS's VARREF 'idx' generates 16 bits.
                                                                                       : ... note: In instance 'kem'
 1661 |                     if (bmem[CT2_BASE + idx] != bmem[CT_BASE + idx])
      |                                       ^
%Warning-WIDTHEXPAND: /mnt/c/Users/neali/librelane/ML-KEM-Accelerator/src/kem.v:1661:62: Operator ADD expects 32 bits on the RHS, but RHS's VARREF 'idx' generates 16 bits.
                                                                                       : ... note: In instance 'kem'
 1661 |                     if (bmem[CT2_BASE + idx] != bmem[CT_BASE + idx])
      |                                                              ^
%Warning-WIDTHEXPAND: /mnt/c/Users/neali/librelane/ML-KEM-Accelerator/src/kem.v:1664:53: Operator ADD expects 32 bits on the RHS, but RHS's VARREF 'idx' generates 16 bits.
                                                                                       : ... note: In instance 'kem'
 1664 |                         if (ct_ok && (bmem[CT2_BASE + idx] == bmem[CT_BASE + idx])) begin
      |                                                     ^
%Warning-WIDTHEXPAND: /mnt/c/Users/neali/librelane/ML-KEM-Accelerator/src/kem.v:1664:76: Operator ADD expects 32 bits on the RHS, but RHS's VARREF 'idx' generates 16 bits.
                                                                                       : ... note: In instance 'kem'
 1664 |                         if (ct_ok && (bmem[CT2_BASE + idx] == bmem[CT_BASE + idx])) begin
      |                                                                            ^
%Warning-WIDTHEXPAND: /mnt/c/Users/neali/librelane/ML-KEM-Accelerator/src/kem.v:1687:50: Operator ADD expects 32 bits on the RHS, but RHS's VARREF 'hpos' generates 16 bits.
                                                                                       : ... note: In instance 'kem'
 1687 |                             jdin <= bmem[CT_BASE + hpos - 16'd32];
      |                                                  ^
%Warning-WIDTHEXPAND: /mnt/c/Users/neali/librelane/ML-KEM-Accelerator/src/kem.v:1687:57: Operator SUB expects 32 bits on the RHS, but RHS's CONST '16'h20' generates 16 bits.
                                                                                       : ... note: In instance 'kem'
 1687 |                             jdin <= bmem[CT_BASE + hpos - 16'd32];
      |                                                         ^
%Warning-WIDTHEXPAND: /mnt/c/Users/neali/librelane/ML-KEM-Accelerator/src/kem.v:1689:38: Operator ADD expects 32 bits on the LHS, but LHS's VARREF 'hpos' generates 16 bits.
                                                                                       : ... note: In instance 'kem'
 1689 |                         jdl <= (hpos + 1 == (32 + CT_LEN));
      |                                      ^
%Warning-WIDTHEXPAND: /mnt/c/Users/neali/librelane/ML-KEM-Accelerator/src/kem.v:1694:30: Operator ADD expects 32 bits on the LHS, but LHS's VARREF 'hpos' generates 16 bits.
                                                                                       : ... note: In instance 'kem'
 1694 |                     if (hpos + 1 == (32 + CT_LEN))
      |                              ^
%Warning-BLKSEQ: /mnt/c/Users/neali/librelane/ML-KEM-Accelerator/src/generation/sample_poly_CBD.v:139:27: Blocking assignment '=' in sequential logic process
                                                                                                        : ... note: In instance 'kem.gen_eta3.u_c3'
                                                                                                        : ... Suggest using delayed assignment '<='
  139 |                     x_sum = 4'd0;
      |                           ^
                 ... For warning description see https://verilator.org/warn/BLKSEQ?v=5.044
                 ... Use "/* verilator lint_off BLKSEQ */" and lint_on around source to disable this message.
%Warning-BLKSEQ: /mnt/c/Users/neali/librelane/ML-KEM-Accelerator/src/generation/sample_poly_CBD.v:140:27: Blocking assignment '=' in sequential logic process
                                                                                                        : ... note: In instance 'kem.gen_eta3.u_c3'
                                                                                                        : ... Suggest using delayed assignment '<='
  140 |                     y_sum = 4'd0;
      |                           ^
%Warning-BLKSEQ: /mnt/c/Users/neali/librelane/ML-KEM-Accelerator/src/generation/sample_poly_CBD.v:143:31: Blocking assignment '=' in sequential logic process
                                                                                                        : ... note: In instance 'kem.gen_eta3.u_c3'
                                                                                                        : ... Suggest using delayed assignment '<='
  143 |                         x_sum = x_sum + bit_buf[k];
      |                               ^
%Warning-BLKSEQ: /mnt/c/Users/neali/librelane/ML-KEM-Accelerator/src/generation/sample_poly_CBD.v:144:31: Blocking assignment '=' in sequential logic process
                                                                                                        : ... note: In instance 'kem.gen_eta3.u_c3'
                                                                                                        : ... Suggest using delayed assignment '<='
  144 |                         y_sum = y_sum + bit_buf[ETA + k];
      |                               ^
%Warning-BLKSEQ: /mnt/c/Users/neali/librelane/ML-KEM-Accelerator/src/generation/sample_poly_CBD.v:148:30: Blocking assignment '=' in sequential logic process
                                                                                                        : ... note: In instance 'kem.gen_eta3.u_c3'
                                                                                                        : ... Suggest using delayed assignment '<='
  148 |                         diff = {8'd0, x_sum} - {8'd0, y_sum};
      |                              ^
%Warning-BLKSEQ: /mnt/c/Users/neali/librelane/ML-KEM-Accelerator/src/generation/sample_poly_CBD.v:150:30: Blocking assignment '=' in sequential logic process
                                                                                                        : ... note: In instance 'kem.gen_eta3.u_c3'
                                                                                                        : ... Suggest using delayed assignment '<='
  150 |                         diff = q - ({8'd0, y_sum} - {8'd0, x_sum});
      |                              ^
%Warning-BLKSEQ: /mnt/c/Users/neali/librelane/ML-KEM-Accelerator/src/hashing/keccack.v:108:16: Blocking assignment '=' in sequential logic process
                                                                                             : ... note: In instance 'kem.u_sn.xof.perm'
                                                                                             : ... Suggest using delayed assignment '<='
  108 |             rc = round_const(round_i);
      |                ^
%Warning-BLKSEQ: /mnt/c/Users/neali/librelane/ML-KEM-Accelerator/src/hashing/keccack.v:111:16: Blocking assignment '=' in sequential logic process
                                                                                             : ... note: In instance 'kem.u_sn.xof.perm'
                                                                                             : ... Suggest using delayed assignment '<='
  111 |             C0 = S[0] ^ S[5] ^ S[10] ^ S[15] ^ S[20];
      |                ^
%Warning-BLKSEQ: /mnt/c/Users/neali/librelane/ML-KEM-Accelerator/src/hashing/keccack.v:112:16: Blocking assignment '=' in sequential logic process
                                                                                             : ... note: In instance 'kem.u_sn.xof.perm'
                                                                                             : ... Suggest using delayed assignment '<='
  112 |             C1 = S[1] ^ S[6] ^ S[11] ^ S[16] ^ S[21];
      |                ^
%Warning-BLKSEQ: /mnt/c/Users/neali/librelane/ML-KEM-Accelerator/src/hashing/keccack.v:113:16: Blocking assignment '=' in sequential logic process
                                                                                             : ... note: In instance 'kem.u_sn.xof.perm'
                                                                                             : ... Suggest using delayed assignment '<='
  113 |             C2 = S[2] ^ S[7] ^ S[12] ^ S[17] ^ S[22];
      |                ^
%Warning-BLKSEQ: /mnt/c/Users/neali/librelane/ML-KEM-Accelerator/src/hashing/keccack.v:114:16: Blocking assignment '=' in sequential logic process
                                                                                             : ... note: In instance 'kem.u_sn.xof.perm'
                                                                                             : ... Suggest using delayed assignment '<='
  114 |             C3 = S[3] ^ S[8] ^ S[13] ^ S[18] ^ S[23];
      |                ^
%Warning-BLKSEQ: /mnt/c/Users/neali/librelane/ML-KEM-Accelerator/src/hashing/keccack.v:115:16: Blocking assignment '=' in sequential logic process
                                                                                             : ... note: In instance 'kem.u_sn.xof.perm'
                                                                                             : ... Suggest using delayed assignment '<='
  115 |             C4 = S[4] ^ S[9] ^ S[14] ^ S[19] ^ S[24];
      |                ^
%Warning-BLKSEQ: /mnt/c/Users/neali/librelane/ML-KEM-Accelerator/src/hashing/keccack.v:117:16: Blocking assignment '=' in sequential logic process
                                                                                             : ... note: In instance 'kem.u_sn.xof.perm'
                                                                                             : ... Suggest using delayed assignment '<='
  117 |             D0 = C4 ^ ROL(C1, 1);
      |                ^
%Warning-BLKSEQ: /mnt/c/Users/neali/librelane/ML-KEM-Accelerator/src/hashing/keccack.v:118:16: Blocking assignment '=' in sequential logic process
                                                                                             : ... note: In instance 'kem.u_sn.xof.perm'
                                                                                             : ... Suggest using delayed assignment '<='
  118 |             D1 = C0 ^ ROL(C2, 1);
      |                ^
%Warning-BLKSEQ: /mnt/c/Users/neali/librelane/ML-KEM-Accelerator/src/hashing/keccack.v:119:16: Blocking assignment '=' in sequential logic process
                                                                                             : ... note: In instance 'kem.u_sn.xof.perm'
                                                                                             : ... Suggest using delayed assignment '<='
  119 |             D2 = C1 ^ ROL(C3, 1);
      |                ^
%Warning-BLKSEQ: /mnt/c/Users/neali/librelane/ML-KEM-Accelerator/src/hashing/keccack.v:120:16: Blocking assignment '=' in sequential logic process
                                                                                             : ... note: In instance 'kem.u_sn.xof.perm'
                                                                                             : ... Suggest using delayed assignment '<='
  120 |             D3 = C2 ^ ROL(C4, 1);
      |                ^
%Warning-BLKSEQ: /mnt/c/Users/neali/librelane/ML-KEM-Accelerator/src/hashing/keccack.v:121:16: Blocking assignment '=' in sequential logic process
                                                                                             : ... note: In instance 'kem.u_sn.xof.perm'
                                                                                             : ... Suggest using delayed assignment '<='
  121 |             D4 = C3 ^ ROL(C0, 1);
      |                ^
%Warning-BLKSEQ: /mnt/c/Users/neali/librelane/ML-KEM-Accelerator/src/hashing/keccack.v:123:18: Blocking assignment '=' in sequential logic process
                                                                                             : ... note: In instance 'kem.u_sn.xof.perm'
                                                                                             : ... Suggest using delayed assignment '<='
  123 |             A[0] = S[0] ^ D0;
      |                  ^
%Warning-BLKSEQ: /mnt/c/Users/neali/librelane/ML-KEM-Accelerator/src/hashing/keccack.v:124:18: Blocking assignment '=' in sequential logic process
                                                                                             : ... note: In instance 'kem.u_sn.xof.perm'
                                                                                             : ... Suggest using delayed assignment '<='
  124 |             A[1] = S[1] ^ D1;
      |                  ^
%Warning-BLKSEQ: /mnt/c/Users/neali/librelane/ML-KEM-Accelerator/src/hashing/keccack.v:125:18: Blocking assignment '=' in sequential logic process
                                                                                             : ... note: In instance 'kem.u_sn.xof.perm'
                                                                                             : ... Suggest using delayed assignment '<='
  125 |             A[2] = S[2] ^ D2;
      |                  ^
%Warning-BLKSEQ: /mnt/c/Users/neali/librelane/ML-KEM-Accelerator/src/hashing/keccack.v:126:18: Blocking assignment '=' in sequential logic process
                                                                                             : ... note: In instance 'kem.u_sn.xof.perm'
                                                                                             : ... Suggest using delayed assignment '<='
  126 |             A[3] = S[3] ^ D3;
      |                  ^
%Warning-BLKSEQ: /mnt/c/Users/neali/librelane/ML-KEM-Accelerator/src/hashing/keccack.v:127:18: Blocking assignment '=' in sequential logic process
                                                                                             : ... note: In instance 'kem.u_sn.xof.perm'
                                                                                             : ... Suggest using delayed assignment '<='
  127 |             A[4] = S[4] ^ D4;
      |                  ^
%Warning-BLKSEQ: /mnt/c/Users/neali/librelane/ML-KEM-Accelerator/src/hashing/keccack.v:128:18: Blocking assignment '=' in sequential logic process
                                                                                             : ... note: In instance 'kem.u_sn.xof.perm'
                                                                                             : ... Suggest using delayed assignment '<='
  128 |             A[5] = S[5] ^ D0;
      |                  ^
%Warning-BLKSEQ: /mnt/c/Users/neali/librelane/ML-KEM-Accelerator/src/hashing/keccack.v:129:18: Blocking assignment '=' in sequential logic process
                                                                                             : ... note: In instance 'kem.u_sn.xof.perm'
                                                                                             : ... Suggest using delayed assignment '<='
  129 |             A[6] = S[6] ^ D1;
      |                  ^
%Warning-BLKSEQ: /mnt/c/Users/neali/librelane/ML-KEM-Accelerator/src/hashing/keccack.v:130:18: Blocking assignment '=' in sequential logic process
                                                                                             : ... note: In instance 'kem.u_sn.xof.perm'
                                                                                             : ... Suggest using delayed assignment '<='
  130 |             A[7] = S[7] ^ D2;
      |                  ^
%Warning-BLKSEQ: /mnt/c/Users/neali/librelane/ML-KEM-Accelerator/src/hashing/keccack.v:131:18: Blocking assignment '=' in sequential logic process
                                                                                             : ... note: In instance 'kem.u_sn.xof.perm'
                                                                                             : ... Suggest using delayed assignment '<='
  131 |             A[8] = S[8] ^ D3;
      |                  ^
%Warning-BLKSEQ: /mnt/c/Users/neali/librelane/ML-KEM-Accelerator/src/hashing/keccack.v:132:18: Blocking assignment '=' in sequential logic process
                                                                                             : ... note: In instance 'kem.u_sn.xof.perm'
                                                                                             : ... Suggest using delayed assignment '<='
  132 |             A[9] = S[9] ^ D4;
      |                  ^
%Warning-BLKSEQ: /mnt/c/Users/neali/librelane/ML-KEM-Accelerator/src/hashing/keccack.v:133:19: Blocking assignment '=' in sequential logic process
                                                                                             : ... note: In instance 'kem.u_sn.xof.perm'
                                                                                             : ... Suggest using delayed assignment '<='
  133 |             A[10] = S[10] ^ D0;
      |                   ^
%Warning-BLKSEQ: /mnt/c/Users/neali/librelane/ML-KEM-Accelerator/src/hashing/keccack.v:134:19: Blocking assignment '=' in sequential logic process
                                                                                             : ... note: In instance 'kem.u_sn.xof.perm'
                                                                                             : ... Suggest using delayed assignment '<='
  134 |             A[11] = S[11] ^ D1;
      |                   ^
%Warning-BLKSEQ: /mnt/c/Users/neali/librelane/ML-KEM-Accelerator/src/hashing/keccack.v:135:19: Blocking assignment '=' in sequential logic process
                                                                                             : ... note: In instance 'kem.u_sn.xof.perm'
                                                                                             : ... Suggest using delayed assignment '<='
  135 |             A[12] = S[12] ^ D2;
      |                   ^
%Warning-BLKSEQ: /mnt/c/Users/neali/librelane/ML-KEM-Accelerator/src/hashing/keccack.v:136:19: Blocking assignment '=' in sequential logic process
                                                                                             : ... note: In instance 'kem.u_sn.xof.perm'
                                                                                             : ... Suggest using delayed assignment '<='
  136 |             A[13] = S[13] ^ D3;
      |                   ^
%Warning-BLKSEQ: /mnt/c/Users/neali/librelane/ML-KEM-Accelerator/src/hashing/keccack.v:137:19: Blocking assignment '=' in sequential logic process
                                                                                             : ... note: In instance 'kem.u_sn.xof.perm'
                                                                                             : ... Suggest using delayed assignment '<='
  137 |             A[14] = S[14] ^ D4;
      |                   ^
%Warning-BLKSEQ: /mnt/c/Users/neali/librelane/ML-KEM-Accelerator/src/hashing/keccack.v:138:19: Blocking assignment '=' in sequential logic process
                                                                                             : ... note: In instance 'kem.u_sn.xof.perm'
                                                                                             : ... Suggest using delayed assignment '<='
  138 |             A[15] = S[15] ^ D0;
      |                   ^
%Warning-BLKSEQ: /mnt/c/Users/neali/librelane/ML-KEM-Accelerator/src/hashing/keccack.v:139:19: Blocking assignment '=' in sequential logic process
                                                                                             : ... note: In instance 'kem.u_sn.xof.perm'
                                                                                             : ... Suggest using delayed assignment '<='
  139 |             A[16] = S[16] ^ D1;
      |                   ^
%Warning-BLKSEQ: /mnt/c/Users/neali/librelane/ML-KEM-Accelerator/src/hashing/keccack.v:140:19: Blocking assignment '=' in sequential logic process
                                                                                             : ... note: In instance 'kem.u_sn.xof.perm'
                                                                                             : ... Suggest using delayed assignment '<='
  140 |             A[17] = S[17] ^ D2;
      |                   ^
%Warning-BLKSEQ: /mnt/c/Users/neali/librelane/ML-KEM-Accelerator/src/hashing/keccack.v:141:19: Blocking assignment '=' in sequential logic process
                                                                                             : ... note: In instance 'kem.u_sn.xof.perm'
                                                                                             : ... Suggest using delayed assignment '<='
  141 |             A[18] = S[18] ^ D3;
      |                   ^
%Warning-BLKSEQ: /mnt/c/Users/neali/librelane/ML-KEM-Accelerator/src/hashing/keccack.v:142:19: Blocking assignment '=' in sequential logic process
                                                                                             : ... note: In instance 'kem.u_sn.xof.perm'
                                                                                             : ... Suggest using delayed assignment '<='
  142 |             A[19] = S[19] ^ D4;
      |                   ^
%Warning-BLKSEQ: /mnt/c/Users/neali/librelane/ML-KEM-Accelerator/src/hashing/keccack.v:143:19: Blocking assignment '=' in sequential logic process
                                                                                             : ... note: In instance 'kem.u_sn.xof.perm'
                                                                                             : ... Suggest using delayed assignment '<='
  143 |             A[20] = S[20] ^ D0;
      |                   ^
%Warning-BLKSEQ: /mnt/c/Users/neali/librelane/ML-KEM-Accelerator/src/hashing/keccack.v:144:19: Blocking assignment '=' in sequential logic process
                                                                                             : ... note: In instance 'kem.u_sn.xof.perm'
                                                                                             : ... Suggest using delayed assignment '<='
  144 |             A[21] = S[21] ^ D1;
      |                   ^
%Warning-BLKSEQ: /mnt/c/Users/neali/librelane/ML-KEM-Accelerator/src/hashing/keccack.v:145:19: Blocking assignment '=' in sequential logic process
                                                                                             : ... note: In instance 'kem.u_sn.xof.perm'
                                                                                             : ... Suggest using delayed assignment '<='
  145 |             A[22] = S[22] ^ D2;
      |                   ^
%Warning-BLKSEQ: /mnt/c/Users/neali/librelane/ML-KEM-Accelerator/src/hashing/keccack.v:146:19: Blocking assignment '=' in sequential logic process
                                                                                             : ... note: In instance 'kem.u_sn.xof.perm'
                                                                                             : ... Suggest using delayed assignment '<='
  146 |             A[23] = S[23] ^ D3;
      |                   ^
%Warning-BLKSEQ: /mnt/c/Users/neali/librelane/ML-KEM-Accelerator/src/hashing/keccack.v:147:19: Blocking assignment '=' in sequential logic process
                                                                                             : ... note: In instance 'kem.u_sn.xof.perm'
                                                                                             : ... Suggest using delayed assignment '<='
  147 |             A[24] = S[24] ^ D4;
      |                   ^
%Warning-BLKSEQ: /mnt/c/Users/neali/librelane/ML-KEM-Accelerator/src/hashing/keccack.v:150:18: Blocking assignment '=' in sequential logic process
                                                                                             : ... note: In instance 'kem.u_sn.xof.perm'
                                                                                             : ... Suggest using delayed assignment '<='
  150 |             B[0] = ROL(A[0], 0);
      |                  ^
%Warning-BLKSEQ: /mnt/c/Users/neali/librelane/ML-KEM-Accelerator/src/hashing/keccack.v:151:19: Blocking assignment '=' in sequential logic process
                                                                                             : ... note: In instance 'kem.u_sn.xof.perm'
                                                                                             : ... Suggest using delayed assignment '<='
  151 |             B[10] = ROL(A[1], 1);
      |                   ^
%Warning-BLKSEQ: /mnt/c/Users/neali/librelane/ML-KEM-Accelerator/src/hashing/keccack.v:152:19: Blocking assignment '=' in sequential logic process
                                                                                             : ... note: In instance 'kem.u_sn.xof.perm'
                                                                                             : ... Suggest using delayed assignment '<='
  152 |             B[20] = ROL(A[2], 62);
      |                   ^
%Warning-BLKSEQ: /mnt/c/Users/neali/librelane/ML-KEM-Accelerator/src/hashing/keccack.v:153:18: Blocking assignment '=' in sequential logic process
                                                                                             : ... note: In instance 'kem.u_sn.xof.perm'
                                                                                             : ... Suggest using delayed assignment '<='
  153 |             B[5] = ROL(A[3], 28);
      |                  ^
%Warning-BLKSEQ: /mnt/c/Users/neali/librelane/ML-KEM-Accelerator/src/hashing/keccack.v:154:19: Blocking assignment '=' in sequential logic process
                                                                                             : ... note: In instance 'kem.u_sn.xof.perm'
                                                                                             : ... Suggest using delayed assignment '<='
  154 |             B[15] = ROL(A[4], 27);
      |                   ^
%Warning-BLKSEQ: /mnt/c/Users/neali/librelane/ML-KEM-Accelerator/src/hashing/keccack.v:155:19: Blocking assignment '=' in sequential logic process
                                                                                             : ... note: In instance 'kem.u_sn.xof.perm'
                                                                                             : ... Suggest using delayed assignment '<='
  155 |             B[16] = ROL(A[5], 36);
      |                   ^
%Warning-BLKSEQ: /mnt/c/Users/neali/librelane/ML-KEM-Accelerator/src/hashing/keccack.v:156:18: Blocking assignment '=' in sequential logic process
                                                                                             : ... note: In instance 'kem.u_sn.xof.perm'
                                                                                             : ... Suggest using delayed assignment '<='
  156 |             B[1] = ROL(A[6], 44);
      |                  ^
%Warning-BLKSEQ: /mnt/c/Users/neali/librelane/ML-KEM-Accelerator/src/hashing/keccack.v:157:19: Blocking assignment '=' in sequential logic process
                                                                                             : ... note: In instance 'kem.u_sn.xof.perm'
                                                                                             : ... Suggest using delayed assignment '<='
  157 |             B[11] = ROL(A[7], 6);
      |                   ^
%Warning-BLKSEQ: /mnt/c/Users/neali/librelane/ML-KEM-Accelerator/src/hashing/keccack.v:158:19: Blocking assignment '=' in sequential logic process
                                                                                             : ... note: In instance 'kem.u_sn.xof.perm'
                                                                                             : ... Suggest using delayed assignment '<='
  158 |             B[21] = ROL(A[8], 55);
      |                   ^
%Warning-BLKSEQ: /mnt/c/Users/neali/librelane/ML-KEM-Accelerator/src/hashing/keccack.v:159:18: Blocking assignment '=' in sequential logic process
                                                                                             : ... note: In instance 'kem.u_sn.xof.perm'
                                                                                             : ... Suggest using delayed assignment '<='
  159 |             B[6] = ROL(A[9], 20);
      |                  ^
%Warning-BLKSEQ: /mnt/c/Users/neali/librelane/ML-KEM-Accelerator/src/hashing/keccack.v:160:18: Blocking assignment '=' in sequential logic process
                                                                                             : ... note: In instance 'kem.u_sn.xof.perm'
                                                                                             : ... Suggest using delayed assignment '<='
  160 |             B[7] = ROL(A[10], 3);
      |                  ^
%Warning-BLKSEQ: /mnt/c/Users/neali/librelane/ML-KEM-Accelerator/src/hashing/keccack.v:161:19: Blocking assignment '=' in sequential logic process
                                                                                             : ... note: In instance 'kem.u_sn.xof.perm'
                                                                                             : ... Suggest using delayed assignment '<='
  161 |             B[17] = ROL(A[11], 10);
      |                   ^
%Warning-BLKSEQ: /mnt/c/Users/neali/librelane/ML-KEM-Accelerator/src/hashing/keccack.v:162:18: Blocking assignment '=' in sequential logic process
                                                                                             : ... note: In instance 'kem.u_sn.xof.perm'
                                                                                             : ... Suggest using delayed assignment '<='
  162 |             B[2] = ROL(A[12], 43);
      |                  ^
%Warning-BLKSEQ: /mnt/c/Users/neali/librelane/ML-KEM-Accelerator/src/hashing/keccack.v:163:19: Blocking assignment '=' in sequential logic process
                                                                                             : ... note: In instance 'kem.u_sn.xof.perm'
                                                                                             : ... Suggest using delayed assignment '<='
  163 |             B[12] = ROL(A[13], 25);
      |                   ^
%Warning-BLKSEQ: /mnt/c/Users/neali/librelane/ML-KEM-Accelerator/src/hashing/keccack.v:164:19: Blocking assignment '=' in sequential logic process
                                                                                             : ... note: In instance 'kem.u_sn.xof.perm'
                                                                                             : ... Suggest using delayed assignment '<='
  164 |             B[22] = ROL(A[14], 39);
      |                   ^
%Warning-BLKSEQ: /mnt/c/Users/neali/librelane/ML-KEM-Accelerator/src/hashing/keccack.v:165:19: Blocking assignment '=' in sequential logic process
                                                                                             : ... note: In instance 'kem.u_sn.xof.perm'
                                                                                             : ... Suggest using delayed assignment '<='
  165 |             B[23] = ROL(A[15], 41);
      |                   ^
%Warning-BLKSEQ: /mnt/c/Users/neali/librelane/ML-KEM-Accelerator/src/hashing/keccack.v:166:18: Blocking assignment '=' in sequential logic process
                                                                                             : ... note: In instance 'kem.u_sn.xof.perm'
                                                                                             : ... Suggest using delayed assignment '<='
  166 |             B[8] = ROL(A[16], 45);
      |                  ^
%Warning-BLKSEQ: /mnt/c/Users/neali/librelane/ML-KEM-Accelerator/src/hashing/keccack.v:167:19: Blocking assignment '=' in sequential logic process
                                                                                             : ... note: In instance 'kem.u_sn.xof.perm'
                                                                                             : ... Suggest using delayed assignment '<='
  167 |             B[18] = ROL(A[17], 15);
      |                   ^
%Warning-BLKSEQ: /mnt/c/Users/neali/librelane/ML-KEM-Accelerator/src/hashing/keccack.v:168:18: Blocking assignment '=' in sequential logic process
                                                                                             : ... note: In instance 'kem.u_sn.xof.perm'
                                                                                             : ... Suggest using delayed assignment '<='
  168 |             B[3] = ROL(A[18], 21);
      |                  ^
%Warning-BLKSEQ: /mnt/c/Users/neali/librelane/ML-KEM-Accelerator/src/hashing/keccack.v:169:19: Blocking assignment '=' in sequential logic process
                                                                                             : ... note: In instance 'kem.u_sn.xof.perm'
                                                                                             : ... Suggest using delayed assignment '<='
  169 |             B[13] = ROL(A[19], 8);
      |                   ^
%Warning-BLKSEQ: /mnt/c/Users/neali/librelane/ML-KEM-Accelerator/src/hashing/keccack.v:170:19: Blocking assignment '=' in sequential logic process
                                                                                             : ... note: In instance 'kem.u_sn.xof.perm'
                                                                                             : ... Suggest using delayed assignment '<='
  170 |             B[14] = ROL(A[20], 18);
      |                   ^
%Warning-BLKSEQ: /mnt/c/Users/neali/librelane/ML-KEM-Accelerator/src/hashing/keccack.v:171:19: Blocking assignment '=' in sequential logic process
                                                                                             : ... note: In instance 'kem.u_sn.xof.perm'
                                                                                             : ... Suggest using delayed assignment '<='
  171 |             B[24] = ROL(A[21], 2);
      |                   ^
%Warning-BLKSEQ: /mnt/c/Users/neali/librelane/ML-KEM-Accelerator/src/hashing/keccack.v:172:18: Blocking assignment '=' in sequential logic process
                                                                                             : ... note: In instance 'kem.u_sn.xof.perm'
                                                                                             : ... Suggest using delayed assignment '<='
  172 |             B[9] = ROL(A[22], 61);
      |                  ^
%Warning-BLKSEQ: /mnt/c/Users/neali/librelane/ML-KEM-Accelerator/src/hashing/keccack.v:173:19: Blocking assignment '=' in sequential logic process
                                                                                             : ... note: In instance 'kem.u_sn.xof.perm'
                                                                                             : ... Suggest using delayed assignment '<='
  173 |             B[19] = ROL(A[23], 56);
      |                   ^
%Warning-BLKSEQ: /mnt/c/Users/neali/librelane/ML-KEM-Accelerator/src/hashing/keccack.v:174:18: Blocking assignment '=' in sequential logic process
                                                                                             : ... note: In instance 'kem.u_sn.xof.perm'
                                                                                             : ... Suggest using delayed assignment '<='
  174 |             B[4] = ROL(A[24], 14);
      |                  ^
%Warning-BLKSEQ: /mnt/c/Users/neali/librelane/ML-KEM-Accelerator/src/hashing/keccack.v:177:18: Blocking assignment '=' in sequential logic process
                                                                                             : ... note: In instance 'kem.u_sn.xof.perm'
                                                                                             : ... Suggest using delayed assignment '<='
  177 |             A[0] = B[0] ^ ((~B[1]) & B[2]);
      |                  ^
%Warning-BLKSEQ: /mnt/c/Users/neali/librelane/ML-KEM-Accelerator/src/hashing/keccack.v:178:18: Blocking assignment '=' in sequential logic process
                                                                                             : ... note: In instance 'kem.u_sn.xof.perm'
                                                                                             : ... Suggest using delayed assignment '<='
  178 |             A[1] = B[1] ^ ((~B[2]) & B[3]);
      |                  ^
%Warning-BLKSEQ: /mnt/c/Users/neali/librelane/ML-KEM-Accelerator/src/hashing/keccack.v:179:18: Blocking assignment '=' in sequential logic process
                                                                                             : ... note: In instance 'kem.u_sn.xof.perm'
                                                                                             : ... Suggest using delayed assignment '<='
  179 |             A[2] = B[2] ^ ((~B[3]) & B[4]);
      |                  ^
%Warning-BLKSEQ: /mnt/c/Users/neali/librelane/ML-KEM-Accelerator/src/hashing/keccack.v:180:18: Blocking assignment '=' in sequential logic process
                                                                                             : ... note: In instance 'kem.u_sn.xof.perm'
                                                                                             : ... Suggest using delayed assignment '<='
  180 |             A[3] = B[3] ^ ((~B[4]) & B[0]);
      |                  ^
%Warning-BLKSEQ: /mnt/c/Users/neali/librelane/ML-KEM-Accelerator/src/hashing/keccack.v:181:18: Blocking assignment '=' in sequential logic process
                                                                                             : ... note: In instance 'kem.u_sn.xof.perm'
                                                                                             : ... Suggest using delayed assignment '<='
  181 |             A[4] = B[4] ^ ((~B[0]) & B[1]);
      |                  ^
%Warning-BLKSEQ: /mnt/c/Users/neali/librelane/ML-KEM-Accelerator/src/hashing/keccack.v:182:18: Blocking assignment '=' in sequential logic process
                                                                                             : ... note: In instance 'kem.u_sn.xof.perm'
                                                                                             : ... Suggest using delayed assignment '<='
  182 |             A[5] = B[5] ^ ((~B[6]) & B[7]);
      |                  ^
%Warning-BLKSEQ: /mnt/c/Users/neali/librelane/ML-KEM-Accelerator/src/hashing/keccack.v:183:18: Blocking assignment '=' in sequential logic process
                                                                                             : ... note: In instance 'kem.u_sn.xof.perm'
                                                                                             : ... Suggest using delayed assignment '<='
  183 |             A[6] = B[6] ^ ((~B[7]) & B[8]);
      |                  ^
%Warning-BLKSEQ: /mnt/c/Users/neali/librelane/ML-KEM-Accelerator/src/hashing/keccack.v:184:18: Blocking assignment '=' in sequential logic process
                                                                                             : ... note: In instance 'kem.u_sn.xof.perm'
                                                                                             : ... Suggest using delayed assignment '<='
  184 |             A[7] = B[7] ^ ((~B[8]) & B[9]);
      |                  ^
%Warning-BLKSEQ: /mnt/c/Users/neali/librelane/ML-KEM-Accelerator/src/hashing/keccack.v:185:18: Blocking assignment '=' in sequential logic process
                                                                                             : ... note: In instance 'kem.u_sn.xof.perm'
                                                                                             : ... Suggest using delayed assignment '<='
  185 |             A[8] = B[8] ^ ((~B[9]) & B[5]);
      |                  ^
%Warning-BLKSEQ: /mnt/c/Users/neali/librelane/ML-KEM-Accelerator/src/hashing/keccack.v:186:18: Blocking assignment '=' in sequential logic process
                                                                                             : ... note: In instance 'kem.u_sn.xof.perm'
                                                                                             : ... Suggest using delayed assignment '<='
  186 |             A[9] = B[9] ^ ((~B[5]) & B[6]);
      |                  ^
%Warning-BLKSEQ: /mnt/c/Users/neali/librelane/ML-KEM-Accelerator/src/hashing/keccack.v:187:19: Blocking assignment '=' in sequential logic process
                                                                                             : ... note: In instance 'kem.u_sn.xof.perm'
                                                                                             : ... Suggest using delayed assignment '<='
  187 |             A[10] = B[10] ^ ((~B[11]) & B[12]);
      |                   ^
%Warning-BLKSEQ: /mnt/c/Users/neali/librelane/ML-KEM-Accelerator/src/hashing/keccack.v:188:19: Blocking assignment '=' in sequential logic process
                                                                                             : ... note: In instance 'kem.u_sn.xof.perm'
                                                                                             : ... Suggest using delayed assignment '<='
  188 |             A[11] = B[11] ^ ((~B[12]) & B[13]);
      |                   ^
%Warning-BLKSEQ: /mnt/c/Users/neali/librelane/ML-KEM-Accelerator/src/hashing/keccack.v:189:19: Blocking assignment '=' in sequential logic process
                                                                                             : ... note: In instance 'kem.u_sn.xof.perm'
                                                                                             : ... Suggest using delayed assignment '<='
  189 |             A[12] = B[12] ^ ((~B[13]) & B[14]);
      |                   ^
%Warning-BLKSEQ: /mnt/c/Users/neali/librelane/ML-KEM-Accelerator/src/hashing/keccack.v:190:19: Blocking assignment '=' in sequential logic process
                                                                                             : ... note: In instance 'kem.u_sn.xof.perm'
                                                                                             : ... Suggest using delayed assignment '<='
  190 |             A[13] = B[13] ^ ((~B[14]) & B[10]);
      |                   ^
%Warning-BLKSEQ: /mnt/c/Users/neali/librelane/ML-KEM-Accelerator/src/hashing/keccack.v:191:19: Blocking assignment '=' in sequential logic process
                                                                                             : ... note: In instance 'kem.u_sn.xof.perm'
                                                                                             : ... Suggest using delayed assignment '<='
  191 |             A[14] = B[14] ^ ((~B[10]) & B[11]);
      |                   ^
%Warning-BLKSEQ: /mnt/c/Users/neali/librelane/ML-KEM-Accelerator/src/hashing/keccack.v:192:19: Blocking assignment '=' in sequential logic process
                                                                                             : ... note: In instance 'kem.u_sn.xof.perm'
                                                                                             : ... Suggest using delayed assignment '<='
  192 |             A[15] = B[15] ^ ((~B[16]) & B[17]);
      |                   ^
%Warning-BLKSEQ: /mnt/c/Users/neali/librelane/ML-KEM-Accelerator/src/hashing/keccack.v:193:19: Blocking assignment '=' in sequential logic process
                                                                                             : ... note: In instance 'kem.u_sn.xof.perm'
                                                                                             : ... Suggest using delayed assignment '<='
  193 |             A[16] = B[16] ^ ((~B[17]) & B[18]);
      |                   ^
%Warning-BLKSEQ: /mnt/c/Users/neali/librelane/ML-KEM-Accelerator/src/hashing/keccack.v:194:19: Blocking assignment '=' in sequential logic process
                                                                                             : ... note: In instance 'kem.u_sn.xof.perm'
                                                                                             : ... Suggest using delayed assignment '<='
  194 |             A[17] = B[17] ^ ((~B[18]) & B[19]);
      |                   ^
%Warning-BLKSEQ: /mnt/c/Users/neali/librelane/ML-KEM-Accelerator/src/hashing/keccack.v:195:19: Blocking assignment '=' in sequential logic process
                                                                                             : ... note: In instance 'kem.u_sn.xof.perm'
                                                                                             : ... Suggest using delayed assignment '<='
  195 |             A[18] = B[18] ^ ((~B[19]) & B[15]);
      |                   ^
%Warning-BLKSEQ: /mnt/c/Users/neali/librelane/ML-KEM-Accelerator/src/hashing/keccack.v:196:19: Blocking assignment '=' in sequential logic process
                                                                                             : ... note: In instance 'kem.u_sn.xof.perm'
                                                                                             : ... Suggest using delayed assignment '<='
  196 |             A[19] = B[19] ^ ((~B[15]) & B[16]);
      |                   ^
%Warning-BLKSEQ: /mnt/c/Users/neali/librelane/ML-KEM-Accelerator/src/hashing/keccack.v:197:19: Blocking assignment '=' in sequential logic process
                                                                                             : ... note: In instance 'kem.u_sn.xof.perm'
                                                                                             : ... Suggest using delayed assignment '<='
  197 |             A[20] = B[20] ^ ((~B[21]) & B[22]);
      |                   ^
%Warning-BLKSEQ: /mnt/c/Users/neali/librelane/ML-KEM-Accelerator/src/hashing/keccack.v:198:19: Blocking assignment '=' in sequential logic process
                                                                                             : ... note: In instance 'kem.u_sn.xof.perm'
                                                                                             : ... Suggest using delayed assignment '<='
  198 |             A[21] = B[21] ^ ((~B[22]) & B[23]);
      |                   ^
%Warning-BLKSEQ: /mnt/c/Users/neali/librelane/ML-KEM-Accelerator/src/hashing/keccack.v:199:19: Blocking assignment '=' in sequential logic process
                                                                                             : ... note: In instance 'kem.u_sn.xof.perm'
                                                                                             : ... Suggest using delayed assignment '<='
  199 |             A[22] = B[22] ^ ((~B[23]) & B[24]);
      |                   ^
%Warning-BLKSEQ: /mnt/c/Users/neali/librelane/ML-KEM-Accelerator/src/hashing/keccack.v:200:19: Blocking assignment '=' in sequential logic process
                                                                                             : ... note: In instance 'kem.u_sn.xof.perm'
                                                                                             : ... Suggest using delayed assignment '<='
  200 |             A[23] = B[23] ^ ((~B[24]) & B[20]);
      |                   ^
%Warning-BLKSEQ: /mnt/c/Users/neali/librelane/ML-KEM-Accelerator/src/hashing/keccack.v:201:19: Blocking assignment '=' in sequential logic process
                                                                                             : ... note: In instance 'kem.u_sn.xof.perm'
                                                                                             : ... Suggest using delayed assignment '<='
  201 |             A[24] = B[24] ^ ((~B[20]) & B[21]);
      |                   ^
%Warning-BLKSEQ: /mnt/c/Users/neali/librelane/ML-KEM-Accelerator/src/hashing/keccack.v:204:18: Blocking assignment '=' in sequential logic process
                                                                                             : ... note: In instance 'kem.u_sn.xof.perm'
                                                                                             : ... Suggest using delayed assignment '<='
  204 |             A[0] = A[0] ^ rc;
      |                  ^
%Warning-UNUSEDSIGNAL: /mnt/c/Users/neali/librelane/ML-KEM-Accelerator/src/kem.v:56:15: Signal is not used: 'mode_r'
                                                                                      : ... note: In instance 'kem'
   56 |     reg [1:0] mode_r;
      |               ^~~~~~
                       ... For warning description see https://verilator.org/warn/UNUSEDSIGNAL?v=5.044
                       ... Use "/* verilator lint_off UNUSEDSIGNAL */" and lint_on around source to disable this message.
%Warning-UNUSEDSIGNAL: /mnt/c/Users/neali/librelane/ML-KEM-Accelerator/src/kem.v:62:16: Bits of signal are not used: 'cpu_addr'[12]
                                                                                      : ... note: In instance 'kem'
   62 |     reg [12:0] cpu_addr;
      |                ^~~~~~~~
%Warning-UNUSEDSIGNAL: /mnt/c/Users/neali/librelane/ML-KEM-Accelerator/src/kem.v:65:16: Bits of signal are not used: 'bmem_waddr'[12]
                                                                                      : ... note: In instance 'kem'
   65 |     reg [12:0] bmem_waddr;
      |                ^~~~~~~~~~
%Warning-UNUSEDSIGNAL: /mnt/c/Users/neali/librelane/ML-KEM-Accelerator/src/kem.v:86:10: Signal is not used: 'ops_busy'
                                                                                      : ... note: In instance 'kem'
   86 |     wire ops_busy, ops_done;
      |          ^~~~~~~~
%Warning-UNUSEDSIGNAL: /mnt/c/Users/neali/librelane/ML-KEM-Accelerator/src/kem.v:87:17: Bits of signal are not used: 'ops_addr'[12]
                                                                                      : ... note: In instance 'kem'
   87 |     wire [12:0] ops_addr;
      |                 ^~~~~~~~
%Warning-UNUSEDSIGNAL: /mnt/c/Users/neali/librelane/ML-KEM-Accelerator/src/kem_ops.v:76:22: Bits of signal are not used: 'c'[15:8]
                                                                                          : ... note: In instance 'kem.u_ops'
   76 |         input [15:0] c;
      |                      ^
%Warning-UNUSEDSIGNAL: /mnt/c/Users/neali/librelane/ML-KEM-Accelerator/src/encode/compress.v:14:19: Bits of signal are not used: 'quotient'[21:10]
                                                                                                  : ... note: In instance 'kem.uc1'
   14 |     wire [11+D:0] quotient = V / q;
      |                   ^~~~~~~~
%Warning-UNUSEDSIGNAL: /mnt/c/Users/neali/librelane/ML-KEM-Accelerator/src/encode/decompress.v:12:19: Bits of signal are not used: 'sum'[9:0]
                                                                                                    : ... note: In instance 'kem.ud1'
   12 |     wire [11+D:0] sum = product + (1 << (D-1));
      |                   ^~~
%Warning-UNUSEDSIGNAL: /mnt/c/Users/neali/librelane/ML-KEM-Accelerator/src/arithmetic/montgomery.v:6:11: Signal is not used: 'clk'
                                                                                                       : ... note: In instance 'kem.u_ops.u_mul.Result'
    6 |     input clk,  
      |           ^~~
- V e r i l a t i o n   R e p o r t: Verilator 5.044 2026-01-01 rev v5.040
- Verilator: Built from 9.071 MB sources in 476 modules, into 0.888 MB in 4 C++ files needing 0.000 MB
- Verilator: Walltime 2.035 s (elab=1.164, cvt=0.212, bld=0.000); cpu 0.514 s on 1 threads; alloced 40.918 MB
